ts;Weather forecast for wind direction at Bornholm | 9F7P/00/00/MET-Norway/forecast/wind_direction | 128270;Weather forecast for wind speed at Bornholm | 9F7P/00/00/MET-Norway/forecast/wind_speed | 128286;Weather forecast for wind speed y_direction at Bornholm | 9F7P/00/00/MET-Norway/forecast/y_wind_10m | 128318;Weather forecast for wind speed x_direction at Bornholm | 9F7P/00/00/MET-Norway/forecast/x_wind_10m | 128302;Weather forecast for wind direction at Nordhavn | 9F7J/PJ/84/MET-Norway/forecast/wind_direction | 797979;Weather forecast for wind speed at Nordhavn | 9F7J/PJ/84/MET-Norway/forecast/wind_speed | 797995;Weather forecast for wind speed x_direction at Nordhavn | 9F7J/PJ/84/MET-Norway/forecast/x_wind_10m | 798011;Weather forecast for wind speed y_direction at Nordhavn | 9F7J/PJ/84/MET-Norway/forecast/y_wind_10m | 798027
01/01/2023 00:00;220.82284546;5.25521898;3.97210503;3.44060135;218.38534546;5.36557055;3.33708572;4.20159721
01/01/2023 01:00;219.97979736;6.69815016;5.12652397;4.31068802;205.06573486;5.41494703;2.29994583;4.9019146
01/01/2023 02:00;218.68060303;7.11482954;5.54858589;4.45377731;198.95404053;6.88387251;2.24381638;6.50757027
01/01/2023 03:00;217.75088501;7.25413704;5.73042488;4.44849586;225.28213501;11.94114876;8.49537086;8.39155769
01/01/2023 04:00;221.76715088;7.86101866;5.85726929;5.24316978;227.18902588;13.69695663;10.0605526;9.29476929
01/01/2023 05:00;224.08036804;7.29536533;5.23388863;5.08196068;234.64286804;13.4057169;10.9432888;7.74267769
01/01/2023 06:00;226.12519836;7.59830284;5.26003647;5.48399353;235.55488586;13.41422081;11.07188416;7.57253647
01/01/2023 07:00;226.64944458;7.08170033;4.85508919;5.15525436;232.99319458;12.73013783;10.17478561;7.65001106
01/01/2023 08:00;227.49375916;7.15039253;4.82490349;5.27710724;236.08750916;12.86035347;10.68140411;7.16181755
01/01/2023 09:00;225.61036682;6.75016451;4.71602821;4.82936478;234.22755432;11.79166794;9.57643509;6.88009071
01/01/2023 10:00;234.04182434;7.62233496;4.46839523;6.17476082;235.24494934;12.57985401;10.34468269;7.15882492
01/01/2023 11:00;240.22953796;7.94458008;3.93575668;6.90120697;235.44828796;12.4621582;10.27327728;7.05489731
01/01/2023 12:00;248.07220459;7.28737974;2.71242142;6.76309776;239.06439209;11.88454723;10.20157433;6.09621048
01/01/2023 13:00;249.48085022;7.30176067;2.55038834;6.84159088;240.09803772;12.1577177;10.54666901;6.04843521
01/01/2023 14:00;251.03141785;6.60161161;2.13780212;6.24631691;238.73454285;12.36235332;10.57541847;6.40245056
01/01/2023 15:00;248.85372925;6.36308956;2.28793144;5.93797684;241.77560425;12.15410519;10.71629715;5.73519707
01/01/2023 16:00;248.7766571;5.93786049;2.14230728;5.53790283;240.8860321;11.26989174;9.85333252;5.47043228
01/01/2023 17:00;247.42837524;5.88340664;2.2517004;5.43552399;237.09243774;9.78428555;8.22068024;5.30541134
01/01/2023 18:00;247.6572876;5.67256498;2.14983082;5.24954033;230.6494751;10.33223248;7.9975872;6.54045582
01/01/2023 19:00;246.3057251;5.04755592;2.02282524;4.62495804;230.8604126;9.8683567;7.66109085;6.2191143
01/01/2023 20:00;243.32814026;4.56637001;2.04493713;4.08358383;228.22657776;10.04488564;7.49959946;6.68263245
01/01/2023 21:00;242.89855957;4.27653885;1.94392395;3.80958748;230.25793457;9.33171463;7.18361092;5.95661926
01/01/2023 22:00;239.13394165;4.01654673;2.05636215;3.45059586;231.82925415;8.77338219;6.90469742;5.41378403
01/01/2023 23:00;221.52604675;3.27841926;2.4523201;2.17617035;238.29948425;7.0679698;6.01796722;3.70622635
02/01/2023 00:00;221.19667053;3.22723365;2.42569065;2.12832069;228.66542053;7.76531935;5.83730507;5.12149143
02/01/2023 01:00;213.30570984;2.60298991;2.17380047;1.43172264;219.54008484;6.88228703;4.38777733;5.30221844
02/01/2023 02:00;200.90763855;2.39347696;2.23517418;0.85720444;211.72013855;6.60148478;3.47829819;5.61066246
02/01/2023 03:00;199.19537354;2.51231933;2.37184525;0.82874107;207.70318604;7.63145971;3.55628014;6.75221634
02/01/2023 04:00;174.69546509;1.61293364;1.60605145;-0.14678383;206.55484009;7.37367582;3.30536461;6.59140301
02/01/2023 05:00;158.43092346;1.66576433;1.55034637;-0.6101017;199.56373596;6.81469011;2.28931236;6.41851044
02/01/2023 06:00;155.91723633;2.16585255;1.97801685;-0.88141823;192.77661133;4.83430958;1.07463646;4.71336842
02/01/2023 07:00;157.11886597;3.18350124;2.93487358;-1.23447037;168.41574097;5.24160671;-1.0459938;5.13604546
02/01/2023 08:00;170.7908783;4.27339411;4.21959686;-0.67816925;149.9783783;5.39741755;-2.69477081;4.67662811
02/01/2023 09:00;189.89077759;5.09395695;5.0173502;0.88142967;136.56265259;5.63790226;-3.87150002;4.09840488
02/01/2023 10:00;212.62670898;5.21078777;4.38496304;2.81493568;164.23608398;6.86508465;-1.85693932;6.60957241
02/01/2023 11:00;218.79774475;5.17804098;4.03169823;3.24896812;208.73524475;8.92364693;4.29974937;7.81978416
02/01/2023 12:00;218.51928711;4.98631525;3.89750576;3.11042023;220.23022461;9.0453968;5.85163116;6.89799404
02/01/2023 13:00;220.12846375;5.00699377;3.82470417;3.23187637;223.12846375;8.93179893;6.11468887;6.51073933
02/01/2023 14:00;219.60964966;5.71330452;4.39709377;3.64850426;224.78933716;9.46086311;6.67389488;6.70568752
02/01/2023 15:00;222.89863586;5.85826778;4.28636837;3.99307442;226.78144836;10.45885372;7.63076973;7.15257931
02/01/2023 16:00;237.50007629;7.01702356;3.76271534;5.92263222;228.59382629;11.01604748;8.27126503;7.27589893
02/01/2023 17:00;256.26602173;7.07452345;1.67146873;6.87400055;244.82852173;10.95733643;9.92282867;4.64754295
02/01/2023 18:00;268.17208862;7.44867802;0.22785664;7.44550514;291.10177612;10.89887333;10.16327858;-3.93669415
02/01/2023 19:00;270.23495483;6.61489201;-0.03509045;6.61494637;276.48495483;9.88100529;9.81611824;-1.12786388
02/01/2023 20:00;267.47662354;5.64636421;0.24129677;5.64093971;262.29693604;9.83142281;9.74445534;1.30574989
02/01/2023 21:00;267.75848389;6.71823645;0.25421143;6.71356964;255.79754639;7.63181067;7.40106964;1.86260986
02/01/2023 22:00;258.65652466;6.01006699;1.17509842;5.89447403;248.5783844;8.19610214;7.63373184;2.98369217
02/01/2023 23:00;258.29147339;6.81374073;1.37467957;6.67400932;238.27584839;9.27565479;7.89666557;4.86686707
03/01/2023 00:00;263.37509155;6.61503267;0.7551136;6.57154655;261.28915405;11.53641987;11.40553093;1.73265266
03/01/2023 01:00;263.99404907;6.36563253;0.65813637;6.33147812;260.22842407;12.64688301;12.46624374;2.13079262
03/01/2023 02:00;266.86804199;6.9902463;0.37294006;6.98047638;263.94616699;13.94727802;13.87110138;1.45399475
03/01/2023 03:00;265.93777466;7.11307955;0.49479485;7.09568787;266.47683716;12.78104877;12.75779724;0.76920891
03/01/2023 04:00;269.41427612;7.18666458;0.06476021;7.18648243;277.46896362;12.36000443;12.25337696;-1.62176323
03/01/2023 05:00;265.68765259;7.43163729;0.54865456;7.41109085;279.57827759;10.68798447;10.53609085;-1.79216576
03/01/2023 06:00;267.57873535;6.69051409;0.27503777;6.68482971;281.15686035;10.23201752;10.03639221;-1.99254036
03/01/2023 07:00;269.36740112;6.60845041;0.06480789;6.60773277;283.82052612;9.82085228;9.53351402;-2.35706711
03/01/2023 08:00;269.90631104;6.22593546;0.00224686;6.22591019;289.14068604;9.15904045;8.64876175;-3.01435471
03/01/2023 09:00;270.79696655;6.07918882;-0.09208965;6.07911873;297.21884155;9.80819225;8.71681404;-4.49638653
03/01/2023 10:00;277.51651001;5.77535295;-0.76286221;5.72488594;295.17276001;7.76314592;7.02176094;-3.31071377
03/01/2023 11:00;276.76593018;5.75902081;-0.6852684;5.71814346;291.85186768;7.39280987;6.8577919;-2.76046371
03/01/2023 12:00;275.06265259;5.53963995;-0.49556541;5.51799774;277.13296509;7.35946417;7.30120087;-0.92232323
03/01/2023 13:00;282.66436768;5.12630606;-1.12987709;4.99993324;273.35968018;6.31136465;6.29973793;-0.3769474
03/01/2023 14:00;276.4770813;4.87775707;-0.5568924;4.84651184;276.4458313;7.59699535;7.54768372;-0.86255646
03/01/2023 15:00;270.72711182;4.29611158;-0.05943584;4.29608154;267.71929932;8.2116394;8.20574951;0.31654072
03/01/2023 16:00;269.09375;4.09192085;0.06032658;4.09167862;268.5546875;8.6895771;8.68738174;0.20876408
03/01/2023 17:00;269.3364563;3.87964201;0.04052067;3.8796463;266.2739563;8.35278606;8.33618927;0.53270817
03/01/2023 18:00;263.50817871;3.70309758;0.41421413;3.67988586;256.42224121;8.15719891;7.93183899;1.90542507
03/01/2023 19:00;260.00082397;3.32671118;0.57349586;3.27695084;267.34457397;7.88384008;7.87607193;0.35474586
03/01/2023 20:00;250.14846802;2.9691031;1.00447845;2.79397583;262.77346802;7.16929865;7.11331177;0.89315033
03/01/2023 21:00;245.42985535;2.81026483;1.16540718;2.55765247;256.96112061;7.06954241;6.88919544;1.58630562
03/01/2023 22:00;236.10165405;2.33839393;1.30166245;1.9428978;248.57040405;8.13624573;7.57766342;2.96279526
03/01/2023 23:00;217.84388733;1.9129703;1.50939369;1.17582512;238.17201233;8.18884945;6.96293449;4.30919838
04/01/2023 00:00;210.46150208;2.61381316;2.251688;1.32799721;228.03962708;6.17484808;4.5965519;4.12278175
04/01/2023 01:00;192.81286621;2.26504445;2.20808411;0.50537491;209.72692871;7.03555202;3.49658585;6.10456848
04/01/2023 02:00;186.17999268;2.95354557;2.93589211;0.32118988;195.17999268;7.35149479;1.93447113;7.09214211
04/01/2023 03:00;184.93908691;4.00057459;3.98508453;0.34939194;180.43908691;7.76473475;0.07009506;7.76438141
04/01/2023 04:00;180.17976379;3.8980689;3.8983345;0.01749992;175.52351379;8.12072563;-0.62312508;8.09657669
04/01/2023 05:00;181.86003113;4.46652699;4.46364975;0.15003777;161.51628113;8.97824574;-2.8353138;8.51833725
04/01/2023 06:00;173.74241638;4.97134447;4.94277191;-0.53593063;159.74241638;10.52310181;-3.6306572;9.87636566
04/01/2023 07:00;176.57040405;5.97703028;5.9668045;-0.3498764;161.72665405;11.90867138;-3.71901703;11.31250763
04/01/2023 08:00;174.79742432;6.20388365;6.17932892;-0.55462837;167.02398682;12.54030895;-2.80072212;12.22327423
04/01/2023 09:00;178.04692078;6.96733284;6.96362495;-0.22864342;164.50785828;13.83207893;-3.6768856;13.3347187
04/01/2023 10:00;195.79699707;7.5115099;7.22506714;2.05394554;182.87512207;13.07156849;0.6721096;13.0541687
04/01/2023 11:00;200.58683777;7.53031206;7.04607773;2.6568222;192.67277527;12.89896488;2.84529877;12.58123398
04/01/2023 12:00;208.25062561;7.62306499;6.71052742;3.61686707;200.96156311;13.0942564;4.69987488;12.22126961
04/01/2023 13:00;217.14886475;8.05787563;6.41662884;4.87475777;214.95355225;13.61695766;7.81616402;11.15100384
04/01/2023 14:00;227.17311096;8.2770071;5.61959076;6.07730293;228.98561096;13.52651882;10.21792793;8.86373138
04/01/2023 15:00;233.03149414;7.84478235;4.70936012;6.27414513;239.80493164;12.82915688;11.09641075;6.43885231
04/01/2023 16:00;233.61003113;7.18149376;4.253582;5.7863903;235.98503113;11.73081017;9.7317028;6.550457
04/01/2023 17:00;236.88339233;6.3470974;3.46119404;5.32073402;231.83651733;11.16643333;8.78850746;6.88795185
04/01/2023 18:00;238.66493225;6.76076651;3.50915813;5.77910805;235.98524475;11.61574745;9.63652992;6.48572063
04/01/2023 19:00;245.81269836;7.22334337;2.95077705;6.59238815;235.14082336;11.22724915;9.2212944;6.40487862
04/01/2023 20:00;249.18856812;7.26515198;2.57275295;6.79423523;238.75106812;11.99708557;10.26396179;6.21142483
04/01/2023 21:00;250.14881897;7.41471338;2.50949764;6.97723389;235.71131897;11.18278027;9.24676514;6.28879452
04/01/2023 22:00;252.77384949;7.34349298;2.16557217;7.01655197;239.47697449;9.7082386;8.36909103;4.92045498
04/01/2023 23:00;253.03193665;7.40487194;2.15261078;7.08539009;239.11787415;8.32186413;7.14691353;4.26198578
05/01/2023 00:00;254.55482483;6.77642822;1.7963047;6.53374672;243.94544983;8.06842041;7.25249672;3.53458595
05/01/2023 01:00;254.44558716;6.98023796;1.86370564;6.72657967;238.51589966;9.47535515;8.08693123;4.93792439
05/01/2023 02:00;265.91445923;7.39237547;0.51836777;7.37407875;248.38320923;8.08719921;7.52251625;2.96953964
05/01/2023 03:00;265.76028442;7.31750107;0.53198528;7.29753494;245.08058167;7.92687607;7.19304276;3.33081341
05/01/2023 04:00;262.14865112;7.41609097;1.00386715;7.34809875;244.53147888;7.89509487;7.13227844;3.38570309
05/01/2023 05:00;261.68850708;8.00788403;1.14817047;7.92489052;264.85256958;9.30427074;9.26766396;0.82297516
05/01/2023 06:00;272.42993164;7.92743492;-0.34603024;7.91936302;283.13305664;10.93915367;10.64983177;-2.49935055
05/01/2023 07:00;289.37506104;7.18056059;-2.38977718;6.77070045;286.81256104;10.09706402;9.66132545;-2.93274593
05/01/2023 08:00;290.08023071;5.89697933;-2.03095627;5.53577805;317.28335571;8.11963558;5.5006218;-5.97236252
05/01/2023 09:00;301.03131104;5.96378899;-3.08076954;5.10667038;30.89068222;8.6664257;-4.45875931;-7.43135548
05/01/2023 10:00;338.38290405;4.83718967;-4.49917793;1.77662659;20.00010109;9.47537327;-3.25169373;-8.89956856
05/01/2023 11:00;11.90648079;4.77542067;-4.67111111;-0.99114799;20.72679329;9.87307644;-3.50579643;-9.22970486
05/01/2023 12:00;14.80478477;4.62089539;-4.46565151;-1.18588638;21.58603477;10.63700867;-3.9251442;-9.88654995
05/01/2023 13:00;16.66432571;4.34473133;-4.16112328;-1.25108528;22.15651321;10.39746571;-3.93272591;-9.62499046
05/01/2023 14:00;18.7584095;4.60748672;-4.36117744;-1.4875145;20.594347;9.57086563;-3.37716293;-8.95492744
05/01/2023 15:00;20.17260742;4.85418367;-4.55457211;-1.68004227;20.44604492;8.98553085;-3.14879227;-8.41590023
05/01/2023 16:00;23.19543457;4.83052254;-4.4380846;-1.90847397;28.10168457;8.61030769;-4.06570053;-7.59042835
05/01/2023 17:00;25.50850105;4.41797733;-3.98449039;-1.90747643;34.07881165;8.38721561;-4.70825768;-6.94152164
05/01/2023 18:00;27.78935051;3.91982889;-3.46522903;-1.83208275;35.56278992;8.72109795;-5.08110619;-7.08827591
05/01/2023 19:00;29.34379196;3.70637012;-3.22875786;-1.82054138;30.46097946;6.96320629;-3.53733826;-5.99828911
05/01/2023 20:00;32.19540405;3.55905914;-3.00914574;-1.90001297;40.71102905;7.82761383;-5.11290359;-5.92711449
05/01/2023 21:00;34.984375;2.92707133;-2.39627361;-1.6806469;45.984375;8.06086063;-5.80369377;-5.5945158
05/01/2023 22:00;42.82051086;2.27209091;-1.66425514;-1.54657555;54.30488586;7.03087997;-5.71552086;-4.0949192
05/01/2023 23:00;51.74264908;2.15956068;-1.33541775;-1.69728851;61.05514908;5.92079115;-5.1845932;-2.85885525
06/01/2023 00:00;92.31291199;1.84599078;0.07698154;-1.84462929;85.77384949;6.67460394;-6.65712929;-0.48356533
06/01/2023 01:00;98.68756866;1.55368567;0.23680782;-1.53618813;102.49225616;6.05075598;-5.90630531;1.31688595
06/01/2023 02:00;104.76578522;1.57556617;0.40346718;-1.52349091;110.00797272;6.38904285;-6.00102997;2.19350624
06/01/2023 03:00;111.85984802;2.1009562;0.78509998;-1.94885254;116.43016052;7.73132706;-6.9185791;3.45013905
06/01/2023 04:00;122.38297272;2.16298342;1.16075325;-1.825037;116.60172272;8.44911575;-7.54964638;3.79258919
06/01/2023 05:00;125.73455811;3.06295204;1.79158401;-2.48410034;121.68768311;9.20162392;-7.82394409;4.84334183
06/01/2023 06:00;131.32907104;4.13423634;2.73463535;-3.1006279;125.07125854;10.72163868;-8.76664352;6.17213535
06/01/2023 07:00;139.42980957;5.22796583;3.9753046;-3.39454079;131.25793457;11.99749756;-9.0087986;7.92354679
06/01/2023 08:00;141.73445129;5.74895287;4.51797867;-3.55506516;132.94538879;12.69182396;-9.27967453;8.65860367
06/01/2023 09:00;144.28231812;5.96859455;4.8497982;-3.47775078;139.79794312;12.96957111;-8.35861015;9.91718102
06/01/2023 10:00;146.42308044;5.88160753;4.90475655;-3.24617004;143.68089294;13.24391174;-7.83113098;10.68014717
06/01/2023 11:00;143.50785828;6.13652849;4.93748474;-3.64387894;139.03910828;13.83574772;-9.05696487;10.45896912
06/01/2023 12:00;143.8359375;6.25343704;5.05333328;-3.68333817;133.90625;14.57130814;-10.48509598;10.11876297
06/01/2023 13:00;158.53128052;6.25063658;5.81948853;-2.2804985;139.39846802;14.63100719;-9.50803757;11.12026978
06/01/2023 14:00;166.15653992;5.71545172;5.55137539;-1.36095428;149.42997742;14.91222954;-7.56798553;12.84825039
06/01/2023 15:00;196.18029785;4.96036005;4.7624197;1.38769531;165.21936035;13.23867989;-3.36035156;12.80538845
06/01/2023 16:00;270.81338501;5.52320433;-0.08545303;5.52254677;192.46180725;7.86402464;1.70711708;7.67626572
06/01/2023 17:00;283.71109009;4.83756065;-1.1523819;4.69881821;280.38296509;8.1046505;7.97030258;-1.46976471
06/01/2023 18:00;283.35171509;4.44573832;-1.0316782;4.32406425;278.92984009;7.32610941;7.23617363;-1.14593601
06/01/2023 19:00;273.87515259;3.67526245;-0.2525177;3.6660862;282.61734009;5.80758667;5.66510963;-1.2759552
06/01/2023 20:00;272.90744019;3.68602061;-0.19121742;3.68095398;292.57931519;3.46287608;3.19560242;-1.33379555
06/01/2023 21:00;265.18804932;2.84528065;0.2354126;2.8359127;252.18023682;6.42145252;6.11618614;1.95709229
06/01/2023 22:00;259.96951294;3.25654006;0.56307316;3.20702362;245.99295044;7.8561492;7.18065643;3.1870966
06/01/2023 23:00;263.30545044;3.46234822;0.39909554;3.43873596;243.84449768;8.67670345;7.79322815;3.81511116
07/01/2023 00:00;251.99435425;3.56421161;1.09749603;3.39108849;246.63497925;7.46997309;6.86081505;2.95394135
07/01/2023 01:00;251.14096069;2.96076798;0.95354557;2.80352211;247.33627319;8.00275993;7.38848305;3.07463932
07/01/2023 02:00;249.29191589;2.47860241;0.8738966;2.31939697;246.12004089;7.84432507;7.17681885;3.16686535
07/01/2023 03:00;256.73699951;2.15446591;0.49143124;2.09819984;239.65106201;7.17741537;6.19878578;3.61838436
07/01/2023 04:00;251.44541931;2.04132462;0.64726067;1.93637466;240.21885681;7.35284805;6.38656998;3.64335442
07/01/2023 05:00;234.5317688;1.83441079;1.06210709;1.49572372;242.3442688;6.7606802;5.99181747;3.13046646
07/01/2023 06:00;214.39860535;1.74074054;1.43518066;0.98528099;230.53923035;5.85060358;4.5214138;3.71252441
07/01/2023 07:00;214.79838562;2.21075892;1.81335449;1.26417351;223.74369812;6.30157948;4.3632946;4.54675293
07/01/2023 08:00;217.36781311;2.01936078;1.60337543;1.22755814;214.28187561;6.15949726;3.47560501;5.08482075
07/01/2023 09:00;177.45359802;1.81473374;1.81261063;-0.07837677;197.14891052;5.93924522;1.75853729;5.67296219
07/01/2023 10:00;143.99412537;1.64389956;1.33074379;-0.96480751;187.72068787;6.44614553;0.87405968;6.38640785
07/01/2023 11:00;175.59439087;3.69610691;3.68532562;-0.27939415;182.11782837;6.0974741;0.23281288;6.09255219
07/01/2023 12:00;177.86938477;3.33410287;3.3320961;-0.11995316;176.31469727;6.35754013;-0.40120316;6.34479141
07/01/2023 13:00;177;3.52855206;3.52330017;-0.17991638;154.4609375;7.46995831;-3.21165466;6.7440033
07/01/2023 14:00;168.12973022;3.66171265;3.58463955;-0.74857903;159.16879272;8.48348999;-3.00736809;7.9322958
07/01/2023 15:00;166.93771362;3.36915278;3.28325367;-0.75701332;159.73458862;9.04005146;-3.12029457;8.48442554
07/01/2023 16:00;171.71211243;3.77982116;3.74052906;-0.54001617;161.69648743;9.52640343;-2.98044586;9.04814625
07/01/2023 17:00;172.64891052;3.96905971;3.93747711;-0.50264931;164.27391052;9.56036854;-2.57979774;9.2060318
07/01/2023 18:00;175.96554565;3.96122313;3.9519062;-0.2739296;167.80148315;9.66141891;-2.02881241;9.44604683
07/01/2023 19:00;179.13920593;4.06842995;4.068367;-0.05596161;166.86576843;8.03376198;-1.81475067;7.8261795
07/01/2023 20:00;185.44883728;4.64429235;4.62262726;0.44684601;168.82383728;7.24048376;-1.3939743;7.10504913
07/01/2023 21:00;188.86752319;4.91099167;4.85103703;0.76278496;179.55502319;6.91196823;-0.04483223;6.9115839
07/01/2023 22:00;180.03912354;4.37061071;4.37028408;0.00834274;186.14849854;8.66065025;0.93803024;8.60954189
07/01/2023 23:00;176.65144348;4.64994764;4.64217567;-0.26566696;182.72956848;9.04252529;0.44136429;9.03182411
08/01/2023 00:00;167.79833984;4.94789124;4.83730316;-1.04011345;177.99365234;9.07972717;-0.30573845;9.07460785
08/01/2023 01:00;168.24237061;5.38764858;5.27652836;-1.09077072;168.40643311;9.64692593;-1.92670822;9.45230961
08/01/2023 02:00;169.64988708;5.83293056;5.73919964;-1.04127312;158.47019958;10.85099697;-3.96998405;10.09857464
08/01/2023 03:00;171.63375854;5.44814539;5.39091682;-0.7867775;162.96188354;11.37880898;-3.31998062;10.88408089
08/01/2023 04:00;173.09277344;5.50194359;5.4630928;-0.65549278;164.43652344;10.53563499;-2.81369591;10.15352249
08/01/2023 05:00;181.35112;5.30709267;5.30571938;0.1316185;173.94487;9.64888954;-1.00607681;9.596735
08/01/2023 06:00;185.05493164;5.23893595;5.21853638;0.46810722;170.74243164;9.06803799;-1.4479084;8.95193481
08/01/2023 07:00;188.94728088;5.47818851;5.41014957;0.85853386;182.22071838;8.97379398;0.35951042;8.9667902
08/01/2023 08:00;190.18818665;5.34579515;5.26039791;0.95240402;176.38349915;8.61093235;-0.53294754;8.59438229
08/01/2023 09:00;191.85984802;5.06633234;4.95638561;1.04749489;181.25047302;8.48527718;0.19690895;8.4827528
08/01/2023 10:00;189.70903015;4.76126957;4.69222164;0.80849075;184.38090515;7.58207035;0.58876419;7.55940914
08/01/2023 11:00;187.63162231;4.20376825;4.16608238;0.56325722;187.88943481;7.81900263;1.08278847;7.74323082
08/01/2023 12:00;188.55738831;3.89128828;3.84731007;0.58394241;192.72926331;7.52165937;1.66695023;7.33461475
08/01/2023 13:00;188.09661865;4.14544439;4.10336399;0.5887928;189.65911865;7.4447608;1.25871468;7.33773899
08/01/2023 14:00;184.00862122;3.87510586;3.86542511;0.27518654;185.34455872;7.22715664;0.68143654;7.19550323
08/01/2023 15:00;190.46295166;4.19258642;4.12150383;0.7661438;186.26763916;7.17989111;0.79251099;7.13615227
08/01/2023 16:00;187.62173462;4.21952486;4.18174744;0.56505394;187.41079712;7.86600924;1.02403831;7.79893494
08/01/2023 17:00;197.59422302;3.68810773;3.51443195;1.11949348;198.84422302;8.7242403;2.82847786;8.2527132
08/01/2023 18:00;190.05944824;3.86688423;3.80665302;0.68004608;204.14538574;8.0031147;3.28356171;7.29884052
08/01/2023 19:00;190.99682617;3.85097766;3.77898598;0.73943138;197.41870117;7.96181774;2.39372826;7.5934391
08/01/2023 20:00;189.14915466;3.83751106;3.78760624;0.6151638;196.15696716;7.72130013;2.15813255;7.4135828
08/01/2023 21:00;184.86206055;3.14961195;3.13811493;0.27027893;201.26049805;7.51338148;2.73316956;6.99846649
08/01/2023 22:00;183.86172485;2.81624532;2.80964947;0.19374847;201.96328735;5.90706539;2.21620941;5.47566509
08/01/2023 23:00;174.41421509;2.80131269;2.78899956;-0.26968384;180.03921509;4.57768011;0.00961304;4.57806206
09/01/2023 00:00;181.1612854;3.54611015;3.54529381;0.07656479;177.6300354;6.26290703;-0.25156021;6.25818443
09/01/2023 01:00;185.4400177;3.83612299;3.81808281;0.36821175;175.4947052;6.24139643;-0.48237419;6.22237968
09/01/2023 02:00;178.86456299;3.53814721;3.53727055;-0.0651989;172.09112549;6.4092412;-0.87379265;6.34977055
09/01/2023 03:00;180.09638977;3.92759037;3.92707062;0.0116806;166.61982727;6.77817631;-1.56058502;6.59601593
09/01/2023 04:00;179.85501099;3.52658296;3.52689934;-0.00424385;175.62063599;7.32492256;-0.55014229;7.30424309
09/01/2023 05:00;179.76808167;3.60830235;3.60760975;-0.00996971;178.92433167;7.01015759;-0.1222744;7.00897694
09/01/2023 06:00;172.23666382;3.35132813;3.3209095;-0.44857216;175.45541382;7.25074196;-0.56575966;7.22813606
09/01/2023 07:00;169.34835815;3.58136606;3.52070045;-0.65696907;175.01242065;7.10480356;-0.60911751;7.07831764
09/01/2023 08:00;164.97683716;3.75177002;3.6242485;-0.96823311;169.04714966;7.32989502;-1.38327217;7.19846725
09/01/2023 09:00;162.50813293;3.67622638;3.50790691;-1.10038185;167.68782043;7.06733942;-1.49881935;6.90634441
09/01/2023 10:00;162.68450928;4.02552462;3.84437943;-1.19379234;163.45794678;6.80140352;-1.92816734;6.5221138
09/01/2023 11:00;172.58654785;4.19194984;4.15742302;-0.53581238;160.84436035;7.85552406;-2.56803894;7.42402458
09/01/2023 12:00;173.65992737;3.57775974;3.5562315;-0.39049721;166.09742737;7.55871677;-1.80651283;7.33943462
09/01/2023 13:00;180.44668579;4.27203369;4.27169704;0.03896713;159.09512329;5.79644775;-2.06113052;5.41720486
09/01/2023 14:00;194.93814087;4.05038786;3.91198826;1.04919815;171.94595337;6.3096652;-0.87609482;6.24890232
09/01/2023 15:00;213.45341492;3.45700479;2.88197041;1.90962791;184.16435242;6.29294205;0.46529198;6.27552509
09/01/2023 16:00;229.84388733;3.17447424;2.04427147;2.42900276;202.14076233;6.63980627;2.51005745;6.14681053
09/01/2023 17:00;242.73716736;3.02177787;1.38048077;2.68782425;216.84654236;6.31865311;3.79524612;5.05235577
09/01/2023 18:00;244.73545837;3.1446352;1.33821869;2.84591293;241.57920837;7.09678364;6.245327;3.37044525
09/01/2023 19:00;265.79721069;3.51182103;0.25310516;3.50264835;253.31283569;6.57725048;6.30294132;1.88103485
09/01/2023 20:00;256.93838501;2.78186798;0.62525082;2.71083355;255.60244751;5.8048172;5.62440777;1.43677425
09/01/2023 21:00;250.8918457;3.23979568;1.05721188;3.06218529;263.3215332;7.908741;7.85661888;0.90975094
09/01/2023 22:00;256.91564941;3.2433598;0.73055935;3.15991688;251.10313416;5.47187567;5.17895985;1.7657156
09/01/2023 23:00;259.37521362;2.09915638;0.38469696;2.06404495;254.49240112;6.82571888;6.57918167;1.81633759
10/01/2023 00:00;282.50793457;2.2599442;-0.49197865;2.20563507;259.28918457;7.22478771;7.1006546;1.33419323
10/01/2023 01:00;273.93762207;1.21429062;-0.08496094;1.21144485;268.21105957;7.20598984;7.20265579;0.21582031
10/01/2023 02:00;227.13294983;0.88396829;0.60087395;0.64867878;251.52357483;5.23015976;4.96264362;1.6516552
10/01/2023 03:00;242.46925354;0.97482061;0.44907379;0.86510849;243.84425354;6.1105628;5.48815536;2.68637848
10/01/2023 04:00;216.39291382;1.04985988;0.84439754;0.62391949;229.74447632;7.64458656;5.84022808;4.93228817
10/01/2023 05:00;204.93266296;1.00819492;0.91393948;0.42599106;247.86235046;7.05995274;6.54317856;2.65173244
10/01/2023 06:00;223.81425476;2.0598433;1.48474598;1.42788219;245.00175476;7.2615037;6.58510876;3.06042957
10/01/2023 07:00;229.8369751;2.23035932;1.43641663;1.70616436;254.0557251;7.39295721;7.1114378;2.02137756
10/01/2023 08:00;248.54850769;2.62516642;0.95727158;2.44447803;244.87663269;7.3053422;6.61830616;3.09301376
10/01/2023 09:00;251.35957336;2.45213532;0.78104687;2.32473755;248.55488586;7.51756525;7.00003052;2.74003124
10/01/2023 10:00;253.68763733;3.42897749;0.95879078;3.29208374;252.32826233;7.42458296;7.07675171;2.24492359
10/01/2023 11:00;251.18768311;3.19640231;1.02708054;3.02686882;256.63299561;6.66368771;6.48487663;1.53245163
10/01/2023 12:00;260.64205933;3.55542088;0.57355785;3.50894165;251.52485657;7.33276463;6.95767212;2.31476879
10/01/2023 13:00;259.61859131;3.58639693;0.64167786;3.52868271;254.46234131;6.30856514;6.08044052;1.6822052
10/01/2023 14:00;262.32138062;3.23513961;0.42823505;3.20674706;239.93077087;6.04812765;5.23799706;3.02393818
10/01/2023 15:00;251.61729431;3.8128345;1.1984005;3.61996651;241.07041931;6.71664333;5.88266182;3.24136925
10/01/2023 16:00;247.79699707;4.06053877;1.52987766;3.76150131;239.79699707;6.59715986;5.70583725;3.31161594
10/01/2023 17:00;245.69760132;4.47409916;1.83615398;4.07987976;243.03353882;8.01560307;7.14872742;3.62521648
10/01/2023 18:00;250.79898071;3.7435739;1.22715855;3.53679371;237.19741821;8.30021477;6.98259449;4.48741245
10/01/2023 19:00;224.36839294;4.53578329;3.23837376;3.17566395;228.18089294;9.21742439;6.8773241;6.13729954
10/01/2023 20:00;198.78912354;3.21368361;3.04120636;1.03927422;210.57818604;6.88604689;3.5109539;5.92401886
10/01/2023 21:00;200.47698975;4.69819307;4.3993578;1.64897251;203.67230225;8.97797871;3.61576939;8.21771717
10/01/2023 22:00;204.32826233;5.35699892;4.87819767;2.21268272;194.80482483;11.20367908;2.87674522;10.82839298
10/01/2023 23:00;203.0234375;5.56067181;5.11547756;2.18115425;203.25;10.95910931;4.33935738;10.06371975
11/01/2023 00:00;186.84515381;6.24265909;6.19664192;0.7518425;184.46234131;10.29343987;0.8143425;10.26109505
11/01/2023 01:00;182.72218323;6.40439034;6.3972435;0.31220055;179.44093323;11.69833565;-0.09893227;11.69802475
11/01/2023 02:00;181.93927002;6.46458101;6.46130085;0.22637749;178.09552002;11.32249069;-0.36151314;11.3167696
11/01/2023 03:00;183.29722595;6.80036259;6.78825569;0.39999962;178.07066345;12.44880009;-0.40273476;12.44255257
11/01/2023 04:00;180.77009583;7.55236387;7.55135441;0.11172295;176.14509583;12.46349716;-0.82284737;12.43612003
11/01/2023 05:00;184.6492157;8.08542824;8.05749702;0.66476059;176.4695282;13.65867043;-0.8225441;13.6336689
11/01/2023 06:00;188.77532959;8.24095917;8.14307499;1.2670784;185.61907959;14.59447479;1.4467659;14.5229578
11/01/2023 07:00;190.59417725;8.16703224;8.02614212;1.5110302;191.28167725;15.30961037;3.01395988;15.00954056
11/01/2023 08:00;192.77420044;7.8359704;7.6398468;1.7421627;199.58670044;16.06106758;5.40329552;15.12519836
11/01/2023 09:00;196.50177002;7.55181122;7.23829937;2.15402222;204.31427002;15.69585419;6.48117065;14.29493999
11/01/2023 10:00;199.92280579;7.49797344;7.046278;2.56381035;207.89155579;14.54143047;6.81869316;12.843153
11/01/2023 11:00;205.2588501;6.87543344;6.2149992;2.94213676;211.0947876;13.5453558;7.01049614;11.5899992
11/01/2023 12:00;206.89866638;6.53308392;5.82307053;2.9633007;212.46116638;12.68152142;6.81974602;10.69221115
11/01/2023 13:00;207.13369751;5.86863518;5.21972847;2.68382072;213.99307251;11.98924065;6.71604729;9.93164253
11/01/2023 14:00;206.96096802;5.15301085;4.59037399;2.34224129;213.98440552;11.02215099;6.17231941;9.13236618
11/01/2023 15:00;210.02424622;4.63281107;4.00867081;2.32300949;216.70393372;10.70068264;6.4060173;8.57117081
11/01/2023 16:00;215.42193604;4.26137066;3.46955109;2.47383308;224.00006104;9.88734722;6.87812996;7.10334015
11/01/2023 17:00;235.00018311;4.41451502;2.52743149;3.61867714;228.04705811;9.27340126;6.90480995;6.19051743
11/01/2023 18:00;244.98439026;4.14583731;1.74871254;3.75871277;234.13282776;8.00179482;6.49015808;4.68035316
11/01/2023 19:00;251.50080872;4.05855942;1.28303719;3.85030746;234.98518372;7.66256332;6.28097153;4.3894825
11/01/2023 20:00;259.4453125;4.23513269;0.7712574;4.1646595;234.41407776;7.92360926;6.44981575;4.60231209
11/01/2023 21:00;261.01577759;4.82639599;0.74827957;4.76853371;229.16419983;7.52854443;5.70212746;4.91624832
11/01/2023 22:00;240.69645691;3.33679128;1.6300106;2.91178513;240.38395691;8.4002676;7.3082695;4.14172935
11/01/2023 23:00;212.70315552;3.68171072;3.09568787;1.9924612;237.78128052;8.03180885;6.80007839;4.27342224
12/01/2023 00:00;217.25784302;4.48719978;3.56793785;2.72122765;219.67190552;8.947649;5.72025108;6.88043785
12/01/2023 01:00;208.00805664;5.68698978;5.01738739;2.6765995;219.47680664;9.06736088;5.77327919;6.99199677
12/01/2023 02:00;212.77394104;6.1081934;5.13149643;3.31271362;208.17237854;10.17411137;4.81466675;8.96255112
12/01/2023 03:00;209.07955933;6.5974946;5.76218987;3.21340942;204.58737183;11.37679195;4.74661255;10.3393383
12/01/2023 04:00;215.64848328;6.60255575;5.36063004;3.85539436;211.19535828;14.02736092;7.28019905;11.99051285
12/01/2023 05:00;211.41474915;7.60356331;6.48426247;3.97112465;206.91474915;14.12065315;6.40764809;12.58289528
12/01/2023 06:00;218.67190552;7.28053999;5.67869377;4.55678654;214.84378052;14.80983734;8.47768497;12.14353752
12/01/2023 07:00;218.6015625;7.12557983;5.56285667;4.45246792;222.7734375;14.21542358;9.66731167;10.42223167
12/01/2023 08:00;216.59387207;7.02117395;5.63221169;4.1926775;225.42980957;13.24285412;9.44560719;9.28260231
12/01/2023 09:00;209.32041931;6.97766447;6.07914734;3.42476749;220.85948181;11.89270306;7.79097843;8.98539734
12/01/2023 10:00;201.71122742;6.84330845;6.35437393;2.53944588;210.03153992;13.16117954;6.60194588;11.38562393
12/01/2023 11:00;197.03157043;6.5481925;6.25889015;1.92565536;204.38313293;12.85288048;5.3206749;11.69931984
12/01/2023 12:00;192.20344543;6.75888824;6.60403633;1.43662834;195.54719543;12.51718903;3.37119865;12.05520821
12/01/2023 13:00;199.65660095;7.99270725;7.52379227;2.69757271;192.77378845;11.95315647;2.65655708;11.65465164
12/01/2023 14:00;199.99223328;8.16637897;7.67119026;2.80143356;199.04692078;13.18932819;4.32096481;12.46220589
12/01/2023 15:00;202.35157776;8.38319492;7.74966621;3.19823837;198.00001526;13.64881992;4.23437119;12.97525215
12/01/2023 16:00;215.17971802;9.04467297;7.38586044;5.22026062;207.80471802;13.5827589;6.35014343;12.00695419
12/01/2023 17:00;216.88293457;8.49590588;6.78888893;5.10745621;225.50793457;14.00323009;10.00198746;9.80158424
12/01/2023 18:00;216.12519836;7.9704814;6.43181038;4.70785713;226.39082336;14.27468014;10.34750557;9.83317757
12/01/2023 19:00;239.53134155;7.18518019;3.63595581;6.19688416;231.50009155;10.98596096;8.60606384;6.82833862
12/01/2023 20:00;245.99249268;6.45540237;2.61925316;5.89997864;230.83624268;11.14729691;8.65193176;7.02940941
12/01/2023 21:00;247.0471344;5.06708574;1.97100449;4.66793823;235.5080719;10.64130497;8.77828979;6.0149498
12/01/2023 22:00;236.85949707;5.25220585;2.86612701;4.40159035;235.79699707;7.75415897;6.41916847;4.35050201
12/01/2023 23:00;216.80490112;3.53706074;2.82909584;2.12202263;222.37521362;7.65717793;5.16792107;5.6503849
13/01/2023 03:00;216.81272888;6.01915359;4.81454849;3.61246109;202.51585388;11.15831375;4.28628922;10.30282974
13/01/2023 04:00;218.5546875;5.85631275;4.57470894;3.65517807;222.3359375;10.58775806;7.13955307;7.817873
13/01/2023 05:00;223.14859009;6.13960934;4.47379875;4.20391369;218.69546509;9.79488277;6.13262463;7.63688469
13/01/2023 06:00;227.82246399;5.32431793;3.57022476;3.94942474;230.08808899;10.25009918;7.87032318;6.56729507
13/01/2023 07:00;233.62541199;4.97664785;2.94580269;4.01028061;229.02384949;9.29451942;7.02492905;6.08545113
13/01/2023 08:00;213.68063354;4.88564968;4.06222343;2.71443367;223.61813354;9.82119656;6.78474617;7.10128593
13/01/2023 09:00;219.80651855;5.79976702;4.45000267;3.71884918;226.57995605;10.95015717;7.96298981;7.51640892
13/01/2023 10:00;217.75013733;5.50451946;4.34804726;3.37530899;218.72669983;10.08899212;6.32159805;7.86269569
13/01/2023 11:00;218.42234802;5.97923565;4.67971039;3.72204399;219.12547302;11.29124737;7.13610649;8.75002289
13/01/2023 12:00;214.4773407;6.45132971;5.31411552;3.65872765;212.9851532;11.85416222;6.46634483;9.93520927
13/01/2023 13:00;216.89935303;6.24470425;4.98893929;3.75571442;208.64935303;12.06306362;5.7977066;10.57878304
13/01/2023 14:00;208.14891052;6.12422371;5.39604568;2.89535904;208.29734802;12.12471199;5.76059341;10.66850662
13/01/2023 15:00;209.43817139;6.23927355;5.42954826;3.07343483;203.91473389;12.18360996;4.95331764;11.13072014
13/01/2023 16:00;208.04690552;6.8257308;6.02046204;3.21710205;203.42971802;12.59184361;5.02178955;11.54682922
13/01/2023 17:00;213.95329285;7.66261244;6.35080147;4.2876358;207.66423035;13.35792542;6.21634674;11.82296944
13/01/2023 18:00;210.93785095;7.60503387;6.51826096;3.91742897;211.98472595;14.36284637;7.62348366;12.17304611
13/01/2023 19:00;212.84431458;8.16244221;6.85239983;4.43542099;210.75056458;15.24105549;7.80846786;13.08872795
13/01/2023 20:00;212.50823975;8.40297604;7.08095741;4.52463341;214.01605225;14.828269;8.31076622;12.28017616
13/01/2023 21:00;210.11773682;7.90450764;6.83268929;3.97443581;212.64117432;14.46310139;7.81623268;12.16862679
13/01/2023 22:00;218.06259155;8.43450546;6.63451195;5.20814133;217.40634155;15.28753281;9.30189133;12.13255882
13/01/2023 23:00;220.21104431;8.55565262;6.5268631;5.53163719;227.13291931;15.58006668;11.43300438;10.58448029
14/01/2023 00:00;235.19667053;9.15325165;5.2145977;7.52219772;227.75917053;14.79973602;10.96946335;9.93530083
14/01/2023 01:00;239.60179138;8.80505371;4.44610596;7.59937286;240.63304138;13.36950684;11.65991974;6.54180908
14/01/2023 02:00;252.63319397;8.52685738;2.53490067;8.14165497;250.88319397;11.20215034;10.58892059;3.65599442
14/01/2023 03:00;253.46104431;7.72312307;2.18899918;7.40609932;248.04698181;12.55954838;11.65414619;4.68118668
14/01/2023 04:00;257.14071655;7.95225716;1.76028061;7.75505447;264.46102905;13.28721809;13.22673416;1.26613998
14/01/2023 05:00;254.24229431;7.48453569;2.02297211;7.20590973;246.72666931;11.69937992;10.75278473;4.60890961
14/01/2023 06:00;249.5262146;7.80706501;2.72198296;7.31689835;243.1277771;12.14349079;10.83935928;5.47491264
14/01/2023 07:00;248.98472595;6.94182682;2.48191261;6.48309326;241.78160095;11.61321354;10.2399292;5.47898293
14/01/2023 08:00;245.41418457;6.54914379;2.71770287;5.95809364;237.65637207;11.12287426;9.40535927;5.93840599
14/01/2023 09:00;239.2665863;6.86566639;3.50094414;5.90566444;233.9072113;12.09125233;9.77968788;7.11031914
14/01/2023 10:00;236.09431458;7.06340647;3.9325428;5.86687851;238.18806458;12.10735226;10.29656601;6.36808968
14/01/2023 11:00;235.30522156;6.81615973;3.87260437;5.60893822;239.82084656;10.41528034;9.0103054;5.22416687
14/01/2023 12:00;228.31636047;6.44451809;4.27959251;4.81785011;238.05854797;10.48455715;8.90378761;5.53642845
14/01/2023 13:00;220.65679932;6.14794731;4.65838814;4.01159859;232.63336182;11.36816216;9.04382515;6.88788033
14/01/2023 14:00;204.54164124;5.72443724;5.20445251;2.38392448;223.40882874;10.43342209;7.17884636;7.57066345
14/01/2023 15:00;196.32872009;5.77349567;5.53866768;1.63060379;204.42247009;12.01226521;4.98118973;10.9312458
14/01/2023 16:00;185.60159302;6.66186714;6.62899017;0.6587162;194.32034302;11.2565937;2.79836464;10.90340424
14/01/2023 17:00;177.53417969;7.1634016;7.15698051;-0.29934502;183.29980469;12.48566723;0.73483467;12.46362114
14/01/2023 18:00;175.09388733;7.52960539;7.50253105;-0.63504982;178.52357483;13.04278946;-0.31864357;13.03866386
14/01/2023 19:00;178.29753113;8.86876392;8.86468697;-0.25308228;180.58659363;14.25401783;0.16293335;14.25335884
14/01/2023 20:00;177.82141113;8.59542465;8.59028053;-0.31661797;175.25891113;14.56173325;-1.18478203;14.51410866
14/01/2023 21:00;178.17268372;8.78117657;8.77667427;-0.2689209;171.84455872;14.34074688;-2.01696777;14.19854927
14/01/2023 22:00;185.87593079;9.23091125;9.18115807;0.95616531;175.95405579;14.81098938;-1.02723312;14.77490807
14/01/2023 23:00;191.75064087;9.50927067;9.30777359;1.94779587;189.00064087;16.1684494;2.55033493;15.96597672
15/01/2023 00:00;199.64332581;9.54803562;8.98802948;3.22071457;199.48707581;16.65887642;5.57618332;15.69799042
15/01/2023 01:00;205.6884613;9.02079964;8.12439728;3.92042923;207.7353363;16.12822151;7.52296829;14.26599884
15/01/2023 02:00;209.41526794;7.85209513;6.83461952;3.86532974;224.00120544;15.32426357;10.65927505;11.01040077
15/01/2023 03:00;240.68786621;6.4597106;3.15543747;5.63661766;236.64880371;11.69701481;9.77919579;6.41813278
15/01/2023 04:00;247.03919983;6.06020021;2.35729027;5.58351707;237.43763733;11.66518116;9.83937645;6.26646996
15/01/2023 05:00;232.64082336;5.53089094;3.35038376;4.40011406;235.97676086;11.56848907;9.59640312;6.46073532
15/01/2023 06:00;223.62548828;5.72833729;4.14185524;3.95749855;233.57861328;12.33722401;9.93601418;7.31275368
15/01/2023 07:00;219.4296875;6.05261517;4.67073059;3.85005188;230.3828125;12.8328886;9.89595032;8.16975403
15/01/2023 08:00;222.20378113;6.15351772;4.55301666;4.13951302;230.87565613;13.42256069;10.4236927;8.45731354
15/01/2023 09:00;219.54704285;6.13518524;4.72553635;3.91274261;218.78141785;14.34319305;8.99770355;11.16987228
15/01/2023 10:00;215.19554138;6.4383707;5.25649834;3.71750641;220.63304138;14.87489414;9.70090485;11.27700615
15/01/2023 11:00;211.41407776;6.73443747;5.74292564;3.51732445;224.89064026;14.79156685;10.45287132;10.46558189
15/01/2023 12:00;214.82820129;6.94134712;5.69305801;3.97140884;228.93757629;14.12982368;10.66574478;9.26825333
15/01/2023 13:00;212.85163879;7.21613884;6.0568943;3.92194366;219.24226379;14.777174;9.36237335;11.43287086
15/01/2023 14:00;216.00009155;7.50628853;6.06672478;4.41935921;223.14852905;16.0590229;10.99846077;11.70246696
15/01/2023 15:00;210.01583862;8.27356911;7.15908813;4.14783859;217.96896362;16.11585426;9.93006516;12.69326782
15/01/2023 16:00;207.57836914;8.74258327;7.74447441;4.05698013;210.76586914;16.97305107;8.70053482;14.57357597
15/01/2023 17:00;205.92243958;9.72761059;8.74345589;4.26346397;209.33650208;18.40192604;9.03494835;16.03154182
15/01/2023 18:00;210.86738586;11.04680729;9.47567177;5.67949677;213.14863586;21.02727509;11.52129364;17.58992958
15/01/2023 19:00;218.0710144;10.59262562;8.33026886;6.54205704;222.8835144;21.04037857;14.33795547;15.39862823
15/01/2023 20:00;223.85951233;10.10816193;7.27981758;7.0125885;231.61732483;20.93628693;16.42762756;12.98001289
15/01/2023 21:00;232.5158844;8.85496044;5.37907791;7.03359032;234.1174469;18.17185402;14.73573875;10.63298416
15/01/2023 22:00;242.07821655;8.87666988;4.14684105;7.84866619;239.12509155;16.66329002;14.31253338;8.5335598
15/01/2023 23:00;238.8837738;9.14609528;4.71695137;7.83625698;237.7509613;15.15341949;12.82649136;8.06949043
16/01/2023 00:00;244.39866638;8.14913654;3.51282501;7.35351849;237.35179138;14.9523592;12.59961224;8.05188751
16/01/2023 01:00;242.8283844;8.17033577;3.72128868;7.27311993;239.1955719;15.14055061;13.01433086;7.73789024
16/01/2023 02:00;236.53942871;7.61374378;4.19038582;6.35715199;237.46130371;14.48239613;12.21848011;7.77437019
16/01/2023 03:00;236.11764526;7.64683437;4.25514603;6.35324287;244.51608276;13.61949062;12.30148506;5.84401321
16/01/2023 04:00;232.65628052;7.2530303;4.39252663;5.77190685;239.57815552;13.68515873;11.80950451;6.91498756
16/01/2023 05:00;232.28912354;6.92176723;4.22692108;5.48138905;233.62506104;13.76161098;11.09027576;8.14781952
16/01/2023 06:00;228.21888733;5.6532979;3.76137924;4.2203598;236.20326233;12.31198978;10.23989105;6.83559799
16/01/2023 07:00;227.13288879;5.37076616;3.64915085;3.94109154;238.32038879;11.49967289;9.79460716;6.02708054
16/01/2023 08:00;220.59384155;4.84843731;3.67774773;3.15937042;234.79696655;10.9163084;8.92792511;6.28126335
16/01/2023 09:00;216.77349854;5.77731419;4.62305832;3.4649868;231.26568604;10.25387669;8.00697899;6.40626144
16/01/2023 10:00;208.76579285;4.90459204;4.29623985;2.36559486;229.40641785;9.15654469;6.96032143;5.94956017
16/01/2023 11:00;198.65646362;4.59694386;4.35379982;1.4762516;222.48458862;8.83522511;5.97527504;6.50809669
16/01/2023 12:00;198.42195129;3.60097098;3.41538239;1.14187431;205.79695129;8.42909622;3.67800713;7.5843277
16/01/2023 13:00;178.42225647;4.13208485;4.13051987;-0.10840988;194.11756897;7.3000536;1.78905106;7.07778549
16/01/2023 14:00;159.25852966;4.48306274;4.19439316;-1.58243752;160.49290466;6.95474243;-2.31388283;6.55865097
16/01/2023 15:00;157.34489441;4.89125299;4.51621628;-1.87807846;163.09489441;11.14369488;-3.22671127;10.66563034
16/01/2023 16:00;152.7890625;4.96131563;4.41512871;-2.26297951;162.0703125;11.42225361;-3.50321388;10.87215996
16/01/2023 17:00;150.68862915;5.04554558;4.40215492;-2.46504021;157.54019165;11.76673698;-4.48066521;10.88067055
16/01/2023 18:00;152.89865112;4.63536501;4.12889862;-2.1069355;152.59396362;11.85704422;-5.44384956;10.5331955
16/01/2023 19:00;155.84382629;4.89942169;4.47269058;-1.99985504;154.92195129;12.3471756;-5.21860504;11.18948746
16/01/2023 20:00;156.68806458;4.71148062;4.32932663;-1.8590641;161.11775208;11.85601234;-3.82341957;11.22288132
16/01/2023 21:00;157.32048035;4.95224094;4.57152176;-1.90391159;156.57829285;10.9585886;-4.343853;10.06077957
16/01/2023 22:00;152.90708923;4.7018199;4.18790817;-2.13668251;151.53208923;11.33658504;-5.39156532;9.97306442
16/01/2023 23:00;148.07055664;4.85673285;4.1248188;-2.56331635;150.56274414;11.67411518;-5.72493744;10.17462349
17/01/2023 00:00;144.91409302;5.17511606;4.23908806;-2.96893311;144.14065552;12.36408138;-7.22967529;10.03010368
17/01/2023 01:00;143.078125;5.6078577;4.48768425;-3.36277008;139.8515625;12.21186161;-7.86179352;9.34510612
17/01/2023 02:00;139.75042725;5.37717438;4.10866165;-3.46886063;143.93011475;12.46555328;-7.3262825;10.08522415
17/01/2023 03:00;136.58605957;5.69481468;4.14109993;-3.90881348;139.61730957;12.21629906;-7.9029541;9.31590462
17/01/2023 04:00;133.56254578;5.73668432;3.95902824;-4.15182114;134.57035828;12.69469166;-9.03268051;8.91996574
17/01/2023 05:00;134.73455811;5.30597878;3.7389164;-3.76460266;129.75018311;12.93097878;-9.93159485;8.28188515
17/01/2023 06:00;139.57817078;5.12581825;3.90644836;-3.31910133;127.83599091;12.57796669;-9.92457008;7.72773743
17/01/2023 07:00;149.82054138;4.94240618;4.27574348;-2.47893715;134.67210388;11.81984806;-8.39495277;8.32066536
17/01/2023 08:00;156.84384155;4.44433737;4.08819199;-1.74301338;134.51571655;11.66406441;-8.30648994;8.18877792
17/01/2023 09:00;167.94541931;5.01295137;4.90339851;-1.04071045;148.52354431;10.65406513;-5.5524292;9.09285164
17/01/2023 10:00;178.57061768;5.07899714;5.07732391;-0.11979866;153.91436768;10.53212166;-4.61979866;9.46501923
17/01/2023 11:00;190.633255;5.52961493;5.43347549;1.02629089;172.3910675;9.3538332;-1.22663879;9.27331924
17/01/2023 12:00;198.59382629;5.71981812;5.41898727;1.83047295;185.71882629;9.47225952;0.95547295;9.42387009
17/01/2023 13:00;202.92207336;5.33178616;4.90804863;2.08241272;191.70332336;9.61987209;1.96327209;9.41683769
17/01/2023 14:00;199.40628052;6.69858122;6.3150444;2.23348045;202.32815552;10.19809246;3.8858242;9.42832565
17/01/2023 15:00;226.00814819;7.16334915;4.9689045;5.1595459;191.05502319;10.7038765;2.0657959;10.50308418
17/01/2023 16:00;236.11782837;7.42506886;4.13154221;6.16909409;208.86001587;10.55690479;5.10757065;9.23896408
17/01/2023 17:00;240.14091492;6.42085648;3.19004059;5.57247543;240.76591492;15.73872757;13.74435043;7.66855621
17/01/2023 18:00;228.86735535;7.09998417;4.66412354;5.35313034;240.06266785;13.0028162;11.2759819;6.47467041
17/01/2023 19:00;232.25186157;6.74816036;4.12425041;5.340868;237.57998657;12.94444942;10.93559456;6.92600822
17/01/2023 20:00;230.42207336;6.03800917;3.84193802;4.65846252;237.13301086;13.52043152;11.36549377;7.32338333
17/01/2023 21:00;231.42268372;5.08038759;3.16293716;3.97551918;231.88362122;12.2722826;9.66497231;7.56332779
17/01/2023 22:00;220.9375;4.85463047;3.66333961;3.18621635;236.078125;11.62757969;9.65691948;6.47681618
17/01/2023 23:00;218.7817688;4.87691307;3.79782486;3.05903244;225.3364563;11.9960537;8.54243088;8.4218483
18/01/2023 00:00;216.49230957;4.95313406;3.97841263;2.95080757;226.12512207;11.85694313;8.55725288;8.20790482
18/01/2023 01:00;216.06256104;4.78853512;3.86776924;2.8242054;217.46099854;11.95210934;7.28123665;9.4781208
18/01/2023 02:00;223.42189026;3.61193037;2.62052345;2.48552704;217.64064026;10.42638397;6.37810516;8.24845314
18/01/2023 03:00;216.95451355;2.9777391;2.37700081;1.7936554;217.73576355;10.14082527;6.21650696;8.01176643
18/01/2023 04:00;211.50808716;2.71054769;2.30949593;1.41919708;218.87527466;9.58750057;6.02661896;7.4559803
18/01/2023 05:00;207.46908569;3.1721189;2.81262016;1.46718407;214.19564819;9.71655273;5.47109032;8.02941704
18/01/2023 06:00;214.61732483;2.75711656;2.26717377;1.56929207;207.53138733;9.90018272;4.58784676;8.77303314
18/01/2023 07:00;191.07080078;2.07210994;2.03304863;0.40046501;213.96142578;9.80941486;5.49030876;8.12875175
18/01/2023 08:00;188.12535095;2.05846906;2.03778076;0.29369545;206.95347595;8.54723835;3.8835392;7.61395264
18/01/2023 09:00;203.33634949;1.87109816;1.71671867;0.74306297;202.25822449;8.63867664;3.28310204;7.99015617
18/01/2023 10:00;204.28941345;2.90219259;2.64377594;1.19734573;212.32066345;8.63461399;4.62605667;7.29026031
18/01/2023 11:00;223.68862915;3.19798708;2.30958557;2.21156311;223.91519165;7.99535036;5.55238342;5.75294495
18/01/2023 12:00;227.45483398;2.90667105;1.96312904;2.14398956;233.34545898;7.16106558;5.75043488;4.26781654
18/01/2023 13:00;229.50794983;2.22932243;1.44568062;1.69701958;235.94544983;5.60041618;4.64330864;3.13025093
18/01/2023 14:00;241.12513733;1.67699635;0.8080883;1.46926117;243.72669983;5.21264076;4.67726898;2.30125237
18/01/2023 15:00;210.91426086;0.88171846;0.75565529;0.45361137;248.37519836;4.3905077;4.08349419;1.61307716
18/01/2023 16:00;211.63356018;0.35866052;0.30486488;0.18819809;236.25074768;3.92604327;3.26729965;2.1769352
18/01/2023 17:00;261.42248535;0.55473524;0.08158684;0.54812241;236.23498535;4.43168831;3.68777084;2.45853996
18/01/2023 18:00;224.52351379;0.43361872;0.30842972;0.30439186;255.60163879;4.59279823;4.44989967;1.13655472
18/01/2023 19:00;196.85171509;0.56139696;0.5373764;0.16301918;249.20327759;4.17467833;3.90423012;1.47682953
18/01/2023 20:00;220.11743164;0.59943938;0.45789528;0.38709354;242.83618164;4.18733025;3.72791386;1.90711403
18/01/2023 21:00;56.04695892;0.03796277;-0.02079582;-0.03174019;242.12507629;3.73815799;3.30615044;1.74385262
18/01/2023 22:00;221.82038879;0.71745682;0.53444672;0.47943306;232.89070129;3.54558182;2.830019;2.13600922
18/01/2023 23:00;210.48466492;0.75505006;0.65001869;0.38385677;225.27372742;4.10807753;2.92194271;2.88732338
19/01/2023 00:00;182.72703552;0.81010777;0.80916214;0.0396843;222.54734802;4.89946318;3.31800461;3.60506058
19/01/2023 01:00;211.92303467;1.49856508;1.27122307;0.79356194;215.76678467;5.83157301;3.41465569;4.72727776
19/01/2023 02:00;217.22695923;1.83451033;1.45965672;1.11188698;211.75039673;6.42288923;3.3872776;5.45672703
19/01/2023 03:00;205.27360535;2.84866309;2.5750246;1.21900177;207.48454285;7.40383911;3.42505646;6.56428242
19/01/2023 04:00;201.36787415;3.048352;2.83768177;1.11414433;203.75068665;8.48341084;3.42664433;7.76053333
19/01/2023 05:00;198.82131958;3.61514688;3.42002201;1.17002392;193.86038208;8.78995132;2.11631298;8.53135014
19/01/2023 06:00;190.65631104;3.67336297;3.60932446;0.68374252;187.79693604;8.70217133;1.19155502;8.62006664
19/01/2023 07:00;181.0080719;3.79145169;3.79029846;0.07156563;177.8127594;9.4984827;-0.35079765;9.49147034
19/01/2023 08:00;182.02409363;4.4729681;4.46929359;0.16344166;176.98503113;10.79621029;-0.55335522;10.78179359
19/01/2023 09:00;181.57832336;5.19399357;5.19172668;0.14912891;186.19551086;11.44936466;1.24971485;11.38117981
19/01/2023 10:00;191.36752319;5.87986517;5.76294136;1.16619396;192.06283569;11.26414299;2.36736584;11.0119648
19/01/2023 11:00;196.35969543;5.95877647;5.71537399;1.68568611;186.16438293;10.99442101;1.19447517;10.92924118
19/01/2023 12:00;187.42195129;5.72305679;5.67431641;0.74599266;177.99226379;10.52627945;-0.35556984;10.52001953
19/01/2023 13:00;189.59393311;5.60213423;5.52259827;0.9406414;185.48455811;10.51668453;1.01827812;10.4669342
19/01/2023 14:00;189.41423035;5.31978512;5.24744225;0.87643051;185.57829285;10.94966793;1.07760239;10.89685631
19/01/2023 15:00;192.0236969;5.17503786;5.06031609;1.08422089;188.6330719;10.77269363;1.63109589;10.64820671
19/01/2023 16:00;197.76583862;5.19311094;4.94385338;1.59069633;191.08615112;10.79711437;2.08971977;10.59326744
19/01/2023 17:00;199.67227173;5.0362606;4.74027824;1.70110321;189.34414673;11.23352623;1.83879852;11.08207512
19/01/2023 18:00;208.54721069;4.50415087;3.95412254;2.15748024;198.10971069;10.74438477;3.35279274;10.20802879
19/01/2023 19:00;207.60215759;4.16960907;3.69301605;1.93691826;214.02403259;9.96648407;5.58730888;8.25356293
19/01/2023 20:00;205.23445129;3.70566487;3.34963608;1.58455467;212.91413879;8.9747076;4.88631248;7.52834702
19/01/2023 21:00;201.92205811;3.19940734;2.96647453;1.19827652;205.38299561;8.65497398;3.71976089;7.81413078
19/01/2023 22:00;200.92218018;3.11294627;2.90597534;1.11517334;204.21905518;8.22818089;3.38470459;7.49972534
19/01/2023 23:00;208.06262207;2.93169856;2.58502007;1.38216591;209.07824707;8.43462849;4.10872841;7.36627007
20/01/2023 00:00;212.18757629;2.99291182;2.53078461;1.59756851;196.85163879;7.78636885;2.26651382;7.44875336
20/01/2023 01:00;219.41488647;2.33372235;1.80103493;1.48413086;200.89926147;8.23899555;2.94897461;7.69361305
20/01/2023 02:00;224.18017578;1.90054822;1.36172676;1.32670212;210.14111328;8.16519642;4.10892868;7.0560627
20/01/2023 03:00;229.27363586;1.74293709;1.13507462;1.32188892;217.70332336;7.98903084;4.89415455;6.31476212
20/01/2023 04:00;226.21099854;1.36369133;0.94208336;0.98534393;224.64068604;6.43693352;4.52880096;4.5739193
20/01/2023 05:00;205.92207336;1.30905259;1.17611885;0.57369232;220.08613586;6.45748997;4.16451263;4.93588448
20/01/2023 06:00;190.92195129;1.14048982;1.1197834;0.21734333;211.10945129;5.44566536;2.81939411;4.6588459
20/01/2023 07:00;211.61849976;2.52965045;2.1525135;1.32854366;205.18881226;6.58970928;2.81243038;5.95915413
20/01/2023 08:00;201.09402466;1.84460044;1.71985054;0.66588402;213.92214966;6.09264708;3.40611839;5.05188179
20/01/2023 09:00;205.85954285;2.91772914;2.62456322;1.27606869;195.28923035;5.39868593;1.43036556;5.2056179
20/01/2023 10:00;186.71879578;2.68248248;2.66384029;0.31734848;192.00004578;6.42222881;1.34371567;6.28005123
20/01/2023 11:00;190.46112061;2.69874644;2.65337086;0.49331093;195.82830811;7.23097277;1.9811039;6.95415211
20/01/2023 12:00;212.67970276;3.21408319;2.70339012;1.73907185;200.20314026;6.65597773;2.30645466;6.24342918
20/01/2023 13:00;215.34483337;3.01005101;2.45333862;1.74434185;191.20420837;6.0041914;1.17354107;5.88790894
20/01/2023 14:00;217.14845276;2.68119764;2.13498974;1.62158871;212.08595276;5.36869764;2.85791683;4.54465771
20/01/2023 15:00;212.72761536;2.17687392;1.82997227;1.17924786;218.74324036;5.44494009;3.41313457;4.24256992
20/01/2023 16:00;209.67970276;1.62365615;1.40968895;0.80578136;217.57814026;4.7452383;2.8985548;3.75685692
20/01/2023 17:00;179.03129578;1.21881402;1.21849155;-0.01914215;201.03910828;3.61090398;1.30068207;3.36888218
20/01/2023 18:00;144.36729431;0.47987074;0.39027596;-0.2792387;174.73448181;3.91590595;-0.35443401;3.90004158
20/01/2023 19:00;149.46165466;1.18837082;1.02393341;-0.60257816;159.43040466;4.09803867;-1.43460941;3.83838654
20/01/2023 20:00;134.55471802;1.03068256;0.72404194;-0.73348045;166.79690552;5.00822163;-1.13777733;4.87736225
20/01/2023 21:00;83.48536682;0.41794258;-0.04694271;-0.41523075;154.72755432;4.11325502;-1.75116825;3.72161198
20/01/2023 22:00;326.09420776;0.31764963;-0.26432228;0.17687798;151.74264526;2.9167707;-1.37780952;2.57063866
20/01/2023 23:00;102.31260681;0.40258929;0.0859108;-0.39366531;132.27354431;3.3171401;-2.45225906;2.2343483
21/01/2023 00:00;35.0627327;0.72845274;-0.59578514;-0.41905212;98.41429901;2.55560112;-2.52745056;0.37687111
21/01/2023 01:00;351.87588501;1.00879323;-0.99840164;0.14121246;67.09461975;2.76855898;-2.55214691;-1.07457352
21/01/2023 02:00;355.11929321;0.86463904;-0.86177063;0.07206154;46.13492966;4.03895569;-2.91524315;-2.79536438
21/01/2023 03:00;3.44558597;1.04450393;-1.04250813;-0.06415939;48.07839966;5.26520681;-3.92158127;-3.51223469
21/01/2023 04:00;32.20379257;1.90682161;-1.61187363;-1.01838112;41.68816757;6.9751811;-4.64631081;-5.20269394
21/01/2023 05:00;36.5082016;2.6936214;-2.16372108;-1.60528183;43.2894516;7.49733257;-5.14727402;-5.45083046
21/01/2023 06:00;53.96100616;3.58344603;-2.10508633;-2.89981079;47.30475616;7.8471179;-5.77383423;-5.3140707
21/01/2023 07:00;44.45364761;3.44599891;-2.45706749;-2.41670036;43.85989761;7.82490492;-5.42939568;-5.63577843
21/01/2023 08:00;41.14163208;4.89764929;-3.6839323;-3.22702217;46.35256958;8.51874256;-6.17086983;-5.8714323
21/01/2023 09:00;44.83607101;5.11991453;-3.62627506;-3.6144371;37.28919601;9.10331345;-5.52459335;-7.2346735
21/01/2023 10:00;44.40644836;5.45699549;-3.89377022;-3.82325935;40.51582336;9.04391003;-5.88380623;-6.86837959
21/01/2023 11:00;41.0790062;6.20831013;-4.67543316;-4.08538628;37.6883812;9.46563435;-5.79632378;-7.48305035
21/01/2023 12:00;39.23441696;6.56280708;-5.07807064;-4.1577673;34.91410446;10.21563911;-5.85796261;-8.36908627
21/01/2023 13:00;39.06255341;7.25819921;-5.62988949;-4.58071327;31.84380341;10.302145;-5.44692421;-8.7441473
21/01/2023 14:00;38.48536682;7.08610201;-5.54192162;-4.41658688;35.69630432;11.12955952;-6.50545406;-9.03020287
21/01/2023 15:00;34.66443634;7.40711546;-6.0872736;-4.22049332;34.17224884;11.90028;-6.69607925;-9.8372736
21/01/2023 16:00;34.28937912;7.65241194;-6.31683922;-4.3189373;28.82844353;11.77301788;-5.69003105;-10.30609703
21/01/2023 17:00;36.14902496;7.86668015;-6.34716606;-4.64860535;31.10214996;12.03904343;-6.23161316;-10.30126762
21/01/2023 18:00;37.91423798;7.69166803;-6.06217098;-4.73335075;37.32830048;11.90260506;-7.23042107;-9.45572567
21/01/2023 19:00;44.43058014;8.07639027;-5.7605505;-5.6606102;43.47745514;11.99777699;-8.26607895;-8.69609737
21/01/2023 20:00;45.82826233;7.77464533;-5.41082382;-5.58318901;45.07826233;12.47776985;-8.84686089;-8.7994957
21/01/2023 21:00;44.45401382;7.20491123;-5.13603497;-5.05275059;44.12588882;12.23616123;-8.52980137;-8.77275372
21/01/2023 22:00;48.96939087;7.24492741;-4.74907112;-5.47098446;47.47720337;11.96660709;-8.8293829;-8.07719612
21/01/2023 23:00;50.12643433;6.99094343;-4.47501755;-5.37119293;45.46237183;11.90109921;-8.49375153;-8.33536911
22/01/2023 00:00;52.8131485;7.25975418;-4.38038731;-5.78945923;46.242836;12.61473465;-9.12246704;-8.71241856
22/01/2023 01:00;56.05480576;7.48159409;-4.16907692;-6.2114172;42.67199326;12.62417221;-8.56786251;-9.27161598
22/01/2023 02:00;57.03995895;7.58810997;-4.12057018;-6.37166786;46.46183395;13.20236778;-9.58260536;-9.08248425
22/01/2023 03:00;58.54706573;7.37567902;-3.84108448;-6.29695225;51.50800323;12.11103058;-9.48933506;-7.52663136
22/01/2023 04:00;58.92547226;6.78398371;-3.4936285;-5.81514931;57.96453476;12.25273323;-10.39522743;-6.48679256
22/01/2023 05:00;58.12619781;6.54114723;-3.44756126;-5.55947304;59.27463531;12.60462379;-10.84365273;-6.42607689
22/01/2023 06:00;55.84459305;6.16438198;-3.45398712;-5.10504723;56.07115555;12.13166714;-10.07477379;-6.75867462
22/01/2023 07:00;56.77383041;6.16909599;-3.37375259;-5.16501427;56.50820541;11.92104912;-9.94919395;-6.56613541
22/01/2023 08:00;59.49225998;6.12447786;-3.10293007;-5.2802639;58.13288498;12.1996727;-10.36913109;-6.42812538
22/01/2023 09:00;68.89892578;5.83793736;-2.09502125;-5.44918346;63.00048828;11.97416782;-10.67672253;-5.42216969
22/01/2023 10:00;72.66475677;5.51190519;-1.63521862;-5.2639246;66.57881927;11.49188614;-10.55103397;-4.55416393
22/01/2023 11:00;71.7191391;5.00941229;-1.56516361;-4.75818729;70.1253891;10.65345573;-10.02381229;-3.60910892
22/01/2023 12:00;66.69585419;4.29749537;-1.69470692;-3.94873428;68.58647919;9.52845287;-8.8754921;-3.46716785
22/01/2023 13:00;68.329216;4.48766661;-1.65262938;-4.17231369;64.3839035;9.48962021;-8.56196213;-4.0920825
22/01/2023 14:00;62.5165329;4.59293365;-2.11477661;-4.07765961;62.3993454;9.52555084;-8.44680023;-4.40286255
22/01/2023 15:00;63.55527115;4.31556273;-1.91676426;-3.86631584;63.12558365;9.70032883;-8.65830803;-4.37379551
22/01/2023 16:00;57.51657867;3.92462778;-2.10346031;-3.31305885;66.04782867;9.83380795;-8.99176979;-3.98041344
22/01/2023 17:00;56.55534744;4.03347397;-2.21938038;-3.36889267;71.32878876;9.61208725;-9.11010361;-3.06606007
22/01/2023 18:00;65.9729538;3.75117779;-1.52336979;-3.42802811;80.4729538;9.21846294;-9.09306717;-1.51360416
22/01/2023 19:00;65.79706573;3.88677812;-1.58918571;-3.54668331;83.51581573;8.61627007;-8.56230831;-0.96125603
22/01/2023 20:00;63.30602264;4.13654566;-1.85369682;-3.69829273;86.79039764;8.00226879;-7.99028492;-0.4376812
22/01/2023 21:00;90.8367157;2.66858721;0.04227066;-2.66822529;87.4851532;7.23499346;-7.22877216;-0.30831528
22/01/2023 22:00;103.39902496;2.18134713;0.50792599;-2.12127972;87.81308746;6.56318331;-6.55877972;-0.24207401
22/01/2023 23:00;101.18202972;1.22977722;0.23969841;-1.20599461;82.90859222;6.03885937;-5.99310398;-0.73784065
23/01/2023 00:00;83.47608948;1.28068089;-0.14392662;-1.27208424;71.38233948;6.0965991;-5.77989674;-1.9388485
23/01/2023 01:00;104.25286865;1.08656049;0.26848221;-1.05273438;72.47161865;5.77113056;-5.50585938;-1.73151779
23/01/2023 02:00;81.68877411;0.82120359;-0.11749458;-0.81276608;70.70439911;5.48770761;-5.1819067;-1.80694771
23/01/2023 03:00;67.33911133;1.0561651;-0.40561676;-0.97544003;67.11254883;5.30567694;-4.89047909;-2.05698395
23/01/2023 04:00;87.84575653;0.79284966;-0.02905273;-0.79207706;76.36138153;5.23523235;-5.08895206;-1.22827148
23/01/2023 05:00;70.23438263;1.03301275;-0.34823227;-0.97322273;80.64844513;4.9749074;-4.90974617;-0.80233383
23/01/2023 06:00;97.42988586;0.38902333;0.05038452;-0.38604927;84.52363586;4.51109362;-4.49054146;-0.42520142
23/01/2023 07:00;99.85997772;0.87411487;0.15113068;-0.86138535;81.52404022;4.1031189;-4.05865097;-0.59984589
23/01/2023 08:00;5.86004734;0.70294487;-0.69920444;-0.07307053;70.18035889;3.59942913;-3.38752365;-1.21580601
23/01/2023 09:00;52.83825302;0.6355204;-0.38337708;-0.50691986;55.86169052;4.10036421;-3.3965683;-2.29743958
23/01/2023 10:00;101.27307129;1.107885;0.21796322;-1.08600044;55.57775879;5.5527091;-4.58404732;-3.13262272
23/01/2023 11:00;111.41314697;0.96314591;0.35310364;-0.89626884;56.66314697;5.35865355;-4.48025322;-2.93986511
23/01/2023 12:00;78.69800568;1.85982978;-0.36224651;-1.82480812;67.68238068;5.11324787;-4.73301125;-1.9354887
23/01/2023 13:00;79.22741699;1.94117105;-0.36079502;-1.90769386;76.94616699;4.74634695;-4.6254673;-1.06587315
23/01/2023 14:00;106.91771698;1.12783265;0.32944679;-1.07827759;69.26927948;3.37197328;-3.15542603;-1.18910789
23/01/2023 15:00;170.03526306;0.61452591;0.60564041;-0.10549545;94.68370056;2.44265079;-2.43459702;0.2023201
23/01/2023 16:00;296.79772949;0.45398715;-0.20549488;0.40481949;133.18054199;2.31580353;-1.68697739;1.58649731
23/01/2023 17:00;175.98536682;0.21662837;0.21561718;-0.01520538;122.82130432;1.46369863;-1.22907257;0.79471874
23/01/2023 18:00;341.05566406;0.46449649;-0.43902683;0.14970493;46.64940262;0.85023868;-0.61884975;-0.58258152
23/01/2023 19:00;137.59089661;0.57041442;0.4217701;-0.38414955;62.67682648;0.84531677;-0.75133705;-0.38682365
23/01/2023 20:00;154.36140442;1.11634898;1.00699615;-0.48208237;124.12702942;1.08412242;-0.89614487;0.60953522
23/01/2023 21:00;5.17393112;0.47458944;-0.47240734;-0.04304981;12.90830612;0.55710894;-0.12508106;-0.54320812
23/01/2023 22:00;16.24247169;0.22121072;-0.21216774;-0.0625658;185.44560242;0.11378884;0.01067638;0.11302757
23/01/2023 23:00;115.96109009;0.28134227;0.12331295;-0.25335598;214.86734009;1.56893992;0.89898777;1.28639889
24/01/2023 00:00;285.18804932;0.1968486;-0.05187988;0.19017601;229.43025208;2.57038379;1.95482445;1.66931152
24/01/2023 01:00;155.94563293;0.43380845;0.39656925;-0.17648125;287.14096069;4.88156223;4.6633625;-1.44473934
24/01/2023 02:00;211.71916199;0.19833308;0.16847134;0.10443687;264.10198975;4.06747389;4.04681969;0.41261196
24/01/2023 03:00;256.18041992;0.3209053;0.07627678;0.31201744;271.64916992;4.54649115;4.54443932;-0.13612556
24/01/2023 04:00;115.95569611;0.16946486;0.07410908;-0.15184498;268.44006348;5.43264866;5.43116283;0.14100361
24/01/2023 05:00;167.06286621;0.42077196;0.41015816;-0.09409237;272.40661621;5.6180377;5.61293888;-0.24316216
24/01/2023 06:00;179.82907104;0.3526724;0.35244083;-0.00015831;274.56344604;6.1099968;6.08968544;-0.49423885
24/01/2023 07:00;199.04824829;0.47631478;0.45044231;0.15560532;270.82168579;6.02563143;6.02474594;-0.093503
24/01/2023 08:00;212.65815735;0.74920207;0.63044357;0.40529156;270.00189209;6.32928038;6.32911968;-0.0082283
24/01/2023 09:00;258.82299805;1.02979076;0.19846725;1.0101738;274.32299805;6.42920494;6.41056442;-0.492939
24/01/2023 10:00;267.80505371;1.90495539;0.07092476;1.90379906;267.35192871;6.69694757;6.68993187;0.30139351
24/01/2023 11:00;265.84384155;2.20312428;0.15731049;2.19752789;256.53134155;7.02587795;6.8352232;1.62703705
24/01/2023 12:00;256.37072754;2.50040221;0.58617115;2.43023777;256.44885254;7.07657433;6.88140965;1.64964771
24/01/2023 13:00;253.63342285;2.90972567;0.81627083;2.79299641;263.23498535;6.76910067;6.72268391;0.78892708
24/01/2023 14:00;264.30566406;3.08282924;0.30230808;3.0677557;264.28222656;7.05597401;7.02185726;0.69390965
24/01/2023 15:00;256.17974854;2.9764936;0.70739841;2.89130497;263.60162354;6.78020477;6.73896122;0.7469492
24/01/2023 16:00;256.20635986;2.12406492;0.50369453;2.06390476;259.55010986;7.01810789;6.90374851;1.26394844
24/01/2023 17:00;244.04696655;2.1689899;0.94647217;1.95155048;265.53134155;7.51811123;7.4954958;0.57684326
24/01/2023 18:00;256.95324707;2.27996373;0.51173973;2.22141266;260.18762207;7.4620924;7.35422516;1.26173973
24/01/2023 19:00;257.828125;2.24961948;0.47148609;2.1995163;256.328125;7.8350687;7.61553192;1.84209156
24/01/2023 20:00;258.86254883;2.48446536;0.47655201;2.43850136;258.50317383;8.58016872;8.41018105;1.70018482
24/01/2023 21:00;255.74308777;2.97818542;0.73005009;2.88746929;260.52435303;8.77994347;8.66188335;1.43415165
24/01/2023 22:00;254.14070129;2.82176375;0.76790524;2.71551895;255.39070129;8.70994759;8.43133926;2.18636227
24/01/2023 23:00;254.79801941;2.8402679;0.74133587;2.74220276;258.58706665;8.65130329;8.48243713;1.70032024
25/01/2023 00:00;251.62548828;3.17073345;0.99525547;3.01049042;255.43798828;8.99641705;8.71068573;2.25111485
25/01/2023 01:00;252.94552612;3.23356128;0.94443893;3.09294033;250.88302612;9.26041698;8.75407314;3.02158737
25/01/2023 02:00;251.82052612;3.82479882;1.18868542;3.63550282;249.78927612;10.19247437;9.56909657;3.50997448
25/01/2023 03:00;246.09416199;3.53727746;1.42946243;3.23559856;256.08636475;8.82389832;8.56762981;2.11061478
25/01/2023 04:00;242.72671509;3.76304507;1.72026539;3.34653378;253.32827759;7.7015214;7.38071346;2.20024586
25/01/2023 05:00;242.60987854;4.37642384;2.00831509;3.88827991;255.83644104;8.40181446;8.1490221;2.04591274
25/01/2023 06:00;244.65689087;4.07911253;1.74158287;3.68866634;258.89907837;7.81299925;7.66864681;1.49402428
25/01/2023 07:00;250.61759949;3.43644452;1.13597584;3.2430706;257.91448975;7.51603413;7.35146904;1.56468678
25/01/2023 08:00;252.57064819;4.0379467;1.20442772;3.85392284;248.19564819;8.35484123;7.76114941;3.09358788
25/01/2023 09:00;241.38288879;4.40616751;2.10556602;3.87052059;251.71101379;8.58097267;8.15079403;2.68271446
25/01/2023 10:00;244.50805664;4.87695646;2.09332561;4.40494442;246.02368164;7.83105803;7.15933895;3.17291546
25/01/2023 11:00;243.89071655;5.3407464;2.34408569;4.79903698;241.16415405;8.90568733;7.8063612;4.28549194
25/01/2023 12:00;246.32122803;5.38953352;2.15818024;4.93883133;250.85247803;9.20398617;8.69859695;3.00827789
25/01/2023 13:00;246.75813293;5.05425215;1.98828125;4.64692354;254.09407043;8.40532684;8.08637619;2.29296875
25/01/2023 14:00;245.94560242;4.89592743;1.98966408;4.47303009;248.03153992;7.85295868;7.28699493;2.92814064
25/01/2023 15:00;243.98547363;5.14304972;2.24969864;4.62452841;247.25109863;8.62351894;7.95704794;3.32391739
25/01/2023 16:00;246.02368164;5.0200038;2.034482;4.58968306;253.04711914;9.09178066;8.7000351;2.63995075
25/01/2023 17:00;247.86190796;4.76384163;1.78952599;4.41474152;253.88534546;8.69597054;8.35761261;2.40280724
25/01/2023 18:00;250.64862061;4.36019802;1.43945503;4.11566973;243.14862061;9.12777615;8.14887238;4.11230659
25/01/2023 19:00;246.72781372;4.1406641;1.63128662;3.80579662;248.45437622;9.16556644;8.52942944;3.35491943
25/01/2023 20:00;244.39860535;3.98989987;1.71943378;3.60044432;247.85954285;8.86929417;8.21909714;3.33222675
25/01/2023 21:00;248.23509216;3.98246431;1.47208405;3.70068836;246.50071716;9.10648823;8.3559618;3.62003326
25/01/2023 22:00;247.43902588;3.29240775;1.25909233;3.04216099;246.72808838;9.32121658;8.56755161;3.67168999
25/01/2023 23:00;241.36763;2.21660876;1.05965042;1.94658566;251.1254425;9.29033947;8.79424191;2.99422073
26/01/2023 00:00;250.91413879;2.65823245;0.86624527;2.51289177;253.58601379;8.47073269;8.12861443;2.38284683
26/01/2023 01:00;245.39848328;3.21526122;1.33479881;2.92490959;258.29693604;7.42717552;7.27451897;1.49690819
26/01/2023 02:00;238.37519836;3.2545712;1.70313263;2.77365541;256.59393311;7.33318424;7.13547182;1.6909256
26/01/2023 03:00;245.56309509;3.58502841;1.47904587;3.26586819;267.20370483;6.91120005;6.9035635;0.32816696
26/01/2023 04:00;245.7424469;3.6005764;1.47519112;3.28450298;259.03930664;5.70506859;5.60237408;1.07773018
26/01/2023 05:00;242.14865112;2.93943286;1.37011528;2.60095692;249.91427612;6.1249795;5.75476551;2.0961895
26/01/2023 06:00;243.69613647;2.73454905;1.20871925;2.45283985;256.70394897;5.64128733;5.49190235;1.29026222
26/01/2023 07:00;252.49241638;2.87245679;0.86076736;2.74029922;272.03930664;5.25233984;5.24908829;-0.19392014
26/01/2023 08:00;262.85961914;2.8723278;0.35354424;2.85049057;289.81274414;5.29224968;4.97695541;-1.79977608
26/01/2023 09:00;264.73486328;2.72046256;0.2461586;2.70915794;276.38330078;3.38061881;3.35954857;-0.37981796
26/01/2023 10:00;272.77368164;2.40685081;-0.11941528;2.40406084;286.87524414;2.50597191;2.3972249;-0.73025513
26/01/2023 11:00;256.14862061;1.7954241;0.42746162;1.74383307;281.94549561;3.06690836;2.99969244;-0.63845634
26/01/2023 12:00;281.60952759;2.2555356;-0.45663357;2.2090354;275.06265259;3.41910982;3.40532446;-0.30575466
26/01/2023 13:00;285.55490112;2.18368292;-0.58819962;2.1029892;307.85958862;4.76815557;3.76070404;-2.93097305
26/01/2023 14:00;310.56253052;2.04224992;-1.32982826;1.54985332;338.28128052;5.42408609;2.0010252;-5.04125404
26/01/2023 15:00;353.14849854;1.74147809;-1.72909355;0.20586014;5.82820034;6.70681;-0.68915939;-6.67147636
26/01/2023 16:00;2.72680759;2.59842205;-2.59525681;-0.12712193;20.08618164;7.50516033;-2.58659458;-7.04545212
26/01/2023 17:00;21.56254196;3.03174591;-2.81773663;-1.11779213;25.98441696;8.47559357;-3.72374916;-7.61363506
26/01/2023 18:00;33.4375;3.87010098;-3.2270174;-2.13663292;21.9453125;8.53074551;-3.19766808;-7.90865803
26/01/2023 19:00;36.19550705;5.32528496;-4.29388618;-3.15010452;30.44550705;8.93465996;-4.53779984;-7.69671822
26/01/2023 20:00;41.2816658;5.99127579;-4.49736881;-3.95839214;34.0941658;10.06158829;-5.65077496;-8.32500553
26/01/2023 21:00;35.32105637;6.41032028;-5.22568417;-3.71245766;32.65699387;10.66471481;-5.76665688;-8.97128963
26/01/2023 22:00;38.86759567;6.22890615;-4.84506226;-3.91483021;34.76603317;10.85781288;-6.20242786;-8.91195679
26/01/2023 23:00;38.9845314;6.34754848;-4.92900944;-3.99895382;34.2189064;10.8392477;-6.10637569;-8.95537663
27/01/2023 00:00;39.56261826;6.59555387;-5.07967949;-4.20715809;35.90636826;10.40463638;-6.11243153;-8.42001152
27/01/2023 01:00;39.06306839;6.12419081;-4.75038624;-3.86586666;31.75056839;10.28239346;-5.42153072;-8.73671436
27/01/2023 02:00;39.10979843;5.99692297;-4.64873981;-3.78910255;38.46917343;9.48422813;-5.90921974;-7.41827106
27/01/2023 03:00;41.88332367;5.23672009;-3.89487267;-3.50058079;36.55519867;9.3456068;-5.5757761;-7.49985313
27/01/2023 04:00;40.5549736;5.21914768;-3.96117783;-3.39846992;34.2034111;9.20938206;-5.18655586;-7.61010361
27/01/2023 05:00;41.57077026;5.04076242;-3.76716042;-3.34910297;38.60202026;8.80443382;-5.50193501;-6.87409401
27/01/2023 06:00;43.34399414;5.14176989;-3.73475075;-3.53370285;32.33618164;8.4884491;-4.54932785;-7.16639137
27/01/2023 07:00;45.72742462;5.08606148;-3.54633141;-3.64590359;30.68054962;8.8980732;-4.55020046;-7.64691734
27/01/2023 08:00;46.70330811;4.91252613;-3.36473465;-3.5792942;32.73455811;8.77483082;-4.75409889;-7.37547684
27/01/2023 09:00;45.2425766;4.10713625;-2.88866425;-2.91970158;30.69569969;7.69502687;-3.93630314;-6.61229706
27/01/2023 10:00;47.36782837;3.86915708;-2.6173954;-2.84962082;27.03970337;7.20558262;-3.28370285;-6.41329384
27/01/2023 11:00;42.6564827;3.66876388;-2.69511414;-2.48976803;43.8205452;6.5755024;-4.55910397;-4.73808289
27/01/2023 12:00;53.14177704;3.13454366;-1.87674522;-2.51087952;52.93083954;5.83864498;-4.66322327;-3.51346397
27/01/2023 13:00;54.07060623;3.10118723;-1.81698036;-2.51324368;45.42216873;5.7530427;-4.10308743;-4.03280067
27/01/2023 14:00;49.86728287;2.99806118;-1.93005943;-2.29456615;51.14072037;5.09181118;-3.96937084;-3.18982506
27/01/2023 15:00;37.76570511;2.93620729;-2.31902313;-1.8012867;52.36726761;4.16032839;-3.29835701;-2.53679657
27/01/2023 16:00;43.84410095;2.55465722;-1.83981323;-1.77140236;45.97691345;4.23190308;-3.04679298;-2.93746948
27/01/2023 17:00;47.59404373;1.77962327;-1.19843864;-1.31539917;47.68779373;3.60921311;-2.67184448;-2.42597771
27/01/2023 18:00;25.16480064;1.59243524;-1.4402771;-0.67906284;48.05542755;2.79995489;-2.08531284;-1.86898804
27/01/2023 19:00;26.70446396;1.24002063;-1.10734749;-0.55891228;44.67321396;2.16189575;-1.5218029;-1.53508186
27/01/2023 20:00;21.03995323;0.9426524;-0.87926292;-0.33984947;58.95401764;1.62282813;-1.39160728;-0.83531761
27/01/2023 21:00;352.79083252;0.77516091;-0.76871681;0.09634399;33.03303146;0.81910622;-0.44760132;-0.685709
27/01/2023 22:00;348.31262207;0.61178559;-0.59946823;0.12276936;344.67199707;1.63229334;0.42940998;-1.57505417
27/01/2023 23:00;331.75927734;0.52843779;-0.46588898;0.24943256;323.46240234;1.90587914;1.13322163;-1.53327179
28/01/2023 00:00;320.3288269;0.61693126;-0.47580338;0.39311028;312.6022644;1.83958745;1.35209465;-1.24728775
28/01/2023 01:00;308.55612183;0.66715199;-0.41659546;0.52114868;313.64987183;2.73746443;1.97817993;-1.8921814
28/01/2023 02:00;325.35174561;1.15001321;-0.94713402;0.65262222;301.17987061;3.37559915;2.88602066;-1.75182152
28/01/2023 03:00;300.70513916;0.92189771;-0.47206306;0.79213428;263.35357666;3.63918281;3.61537647;0.41660881
28/01/2023 04:00;227.52378845;0.04765324;0.03186035;0.0354147;254.86753845;5.41191101;5.22584438;1.40686035
28/01/2023 05:00;295.68768311;0.46358401;-0.20141411;0.41740608;256.91424561;6.74776363;6.57463264;1.51928902
28/01/2023 06:00;226.03918457;0.63832349;0.44202805;0.45966721;259.96105957;7.36342096;7.25263596;1.2740593
28/01/2023 07:00;276.27398682;0.97653323;-0.10803223;0.97098446;260.18804932;7.28854513;7.18387508;1.23376465
28/01/2023 08:00;265.95501709;1.78615367;0.12389565;1.78171444;262.00970459;7.47951317;7.40866756;1.03014565
28/01/2023 09:00;274.78912354;3.36756611;-0.28526497;3.35600281;267.78912354;7.64442158;7.63920593;0.28504753
28/01/2023 10:00;271.77377319;3.59086156;-0.11571693;3.58886623;251.61752319;7.17875242;6.81542873;2.25537682
28/01/2023 11:00;256.72665405;3.31870341;0.75754547;3.23090649;251.71884155;8.23471928;7.82270336;2.57297516
28/01/2023 12:00;265.32122803;3.7694068;0.30294609;3.75759792;254.50871277;8.63708305;8.3259573;2.29611015
28/01/2023 13:00;256.35217285;3.61086845;0.84765053;3.50955772;250.51623535;9.45168877;8.91483116;3.14159584
28/01/2023 14:00;265.99246216;3.85743856;0.26535034;3.84864902;246.57839966;10.21290779;9.37696934;4.0475769
28/01/2023 15:00;260.181427;3.53301573;0.59798241;3.48243618;255.5798645;9.67461681;9.37306118;2.39778709
28/01/2023 16:00;251.53952026;3.60417461;1.13703346;3.4206295;247.60202026;9.94450665;9.19894981;3.77765846
28/01/2023 17:00;255.24499512;4.377244;1.11017418;4.23369217;250.72155762;10.1140604;9.55107498;3.32794762
28/01/2023 18:00;253.09492493;4.76447487;1.3800869;4.56034851;265.72772217;8.96369362;8.94023132;0.65547752
28/01/2023 19:00;257.25073242;4.91507864;1.07813072;4.79540634;264.14916992;9.66947365;9.62060165;0.97363853
28/01/2023 20:00;268.72753906;4.92475414;0.10373116;4.92422104;261.21191406;10.5795393;10.45742416;1.60373116
28/01/2023 21:00;271.81365967;4.5860858;-0.15115356;4.58339882;250.75115967;9.9459486;9.39394569;3.26681519
28/01/2023 22:00;272.76702881;4.48293257;-0.22231483;4.47766685;252.43890381;10.72560883;10.22961998;3.22397423
28/01/2023 23:00;278.51577759;4.78102541;-0.71397591;4.72759819;258.28921509;10.18776417;9.97759819;2.05555534
29/01/2023 00:00;278.69589233;4.52284718;-0.68930626;4.4699192;251.14900208;9.36415577;8.86542702;3.0147953
29/01/2023 01:00;276.53985596;4.74722576;-0.54663086;4.71523476;252.19610596;9.71597576;9.25429726;2.9597168
29/01/2023 02:00;277.19540405;5.25334692;-0.66442966;5.21084213;261.46884155;9.9706316;9.86220932;1.46594143
29/01/2023 03:00;274.79742432;5.36082554;-0.45476437;5.34112358;269.78961182;11.16990757;11.17022514;0.02716923
29/01/2023 04:00;284.60205078;5.6204977;-1.42391491;5.43706894;267.14111328;10.7220602;10.70952988;0.52139759
29/01/2023 05:00;276.77404785;5.18346882;-0.61788082;5.14693832;262.45373535;10.30944538;10.22115707;1.34110355
29/01/2023 06:00;273.22662354;5.2901001;-0.30408573;5.28079605;259.73443604;9.85357666;9.69778824;1.74327755
29/01/2023 07:00;273.82080078;5.18556786;-0.35178757;5.1741581;256.35205078;9.83693504;9.56185341;2.30983353
29/01/2023 08:00;275.96096802;5.41499281;-0.56890106;5.38565445;258.37503052;9.95649719;9.75479507;1.99408722
29/01/2023 09:00;271.45339966;5.40244961;-0.14345646;5.40039253;261.61746216;10.03770351;9.93261909;1.45029354
29/01/2023 10:00;267.82830811;5.38664389;0.19738865;5.38262177;251.63299561;9.71916294;9.22832489;3.05090427
29/01/2023 11:00;265.17196655;5.68435621;0.4720211;5.6643219;254.22665405;10.20730495;9.82643127;2.76206017
29/01/2023 12:00;266.85986328;6.13540363;0.32839584;6.12689781;264.66455078;10.94448566;10.89838219;1.00417709
29/01/2023 13:00;256.69598389;6.29152155;1.44006157;6.12460136;257.28192139;10.38136482;10.12948418;2.27209282
29/01/2023 14:00;261.17211914;7.1036725;1.08085155;7.02107239;251.47679138;10.6422472;10.09529114;3.36796093
29/01/2023 15:00;256.23440552;7.41041183;1.75432491;7.19953156;251.07032776;9.28443527;8.78644562;3.00041866
29/01/2023 16:00;253.24223328;7.60395145;2.18437767;7.28389168;242.69535828;10.64643192;9.46650887;4.87090111
29/01/2023 17:00;253.78913879;7.74513912;2.15244865;7.43982697;243.75788879;10.8550024;9.74256134;4.78721428
29/01/2023 18:00;249.6171875;8.12303734;2.81945992;7.61803246;243.1015625;11.65379906;10.39928246;5.25891304
29/01/2023 19:00;247.46893311;8.25633049;3.15408134;7.63034058;240.92205811;12.51365471;10.94381714;6.06716728
29/01/2023 20:00;246.39848328;8.83127785;3.52605057;8.09711456;244.07035828;13.9836216;12.58344269;6.09831619
29/01/2023 21:00;244.07035828;8.64025211;3.76810837;7.77550697;239.92192078;14.49718571;12.55382729;7.25053024
29/01/2023 22:00;241.03152466;8.99495316;4.346035;7.87550163;242.22683716;15.57112503;13.78663445;7.23861313
29/01/2023 23:00;239.83630371;9.3071804;4.66623116;8.05343819;238.41442871;16.18852806;13.80148506;8.46115303
30/01/2023 00:00;242.73458862;10.17534924;4.64992905;9.05036736;242.19552612;17.7012291;15.66755486;8.23684311
30/01/2023 01:00;247.61747742;10.0203886;3.80514145;9.26993752;236.35185242;17.85534859;14.87735939;9.87350082
30/01/2023 02:00;248.13372803;10.17908573;3.77886391;9.45167923;238.52435303;15.97742558;13.63624954;8.32573891
30/01/2023 03:00;248.01612854;9.21220112;3.43835449;8.54710197;244.83644104;13.30741596;12.05198479;5.64245605
30/01/2023 04:00;253.19555664;8.46442318;2.43677139;8.1056366;257.74243164;10.8413763;10.59684753;2.28833389
30/01/2023 05:00;263.67227173;7.97220612;0.8696785;7.92461395;258.55508423;11.63529205;11.40703583;2.29545975
30/01/2023 06:00;270.38314819;6.99339342;-0.0555191;6.99317551;269.26596069;11.2419281;11.24122238;0.13002777
30/01/2023 07:00;265.17193604;7.11535931;0.59012032;7.09051895;270.07037354;13.27453899;13.2741127;-0.03292656
30/01/2023 08:00;270.57821655;6.99927092;-0.07970238;6.99871254;269.54696655;13.34155655;13.34148598;0.08826637
30/01/2023 09:00;276.46902466;7.7341342;-0.88112259;7.68376541;258.53933716;12.46069717;12.21501541;2.45969772
30/01/2023 10:00;269.50064087;7.57824802;0.05651283;7.57838631;264.56314087;13.50500584;13.44557381;1.26256752
30/01/2023 11:00;268.33847046;7.91943026;0.21906281;7.91656971;273.16659546;13.76952744;13.7476244;-0.77898407
30/01/2023 12:00;266.08691406;8.24923706;0.55312157;8.2307291;270.54785156;13.52658081;13.52565098;-0.14609718
30/01/2023 13:00;266.8203125;7.90513992;0.42879486;7.8935318;276.2421875;14.06138992;13.97653961;-1.54679108
30/01/2023 14:00;268.23443604;7.80393696;0.23052788;7.80066299;282.95318604;12.19797993;11.88464737;-2.74896431
30/01/2023 15:00;282.6255188;7.37379313;-1.6206646;7.19374084;285.6489563;12.92555046;12.44178772;-3.50250053
30/01/2023 16:00;283.06271362;6.73900032;-1.53079796;6.56310272;283.39865112;12.10716438;11.77404022;-2.82083702
30/01/2023 17:00;283.19549561;6.4374876;-1.4772377;6.26596642;293.11737061;12.21824932;11.23178673;-4.81024551
30/01/2023 18:00;294.25064087;6.65265036;-2.73996162;6.06232643;295.95376587;12.4505024;11.18830299;-5.46310616
30/01/2023 19:00;295.29760742;6.35526657;-2.72281075;5.74207306;294.10229492;12.34843063;11.264534;-5.0572834
30/01/2023 20:00;301.60946655;6.87571621;-3.61147881;5.85108376;293.93759155;12.98216152;11.85889626;-5.28140068
30/01/2023 21:00;307.14065552;6.36093903;-3.84649467;5.06588173;298.13284302;12.96103668;11.42232704;-6.12530327
30/01/2023 22:00;303.48446655;6.01929426;-3.326931;5.01613235;296.65634155;11.97046566;10.6919136;-5.38405991
30/01/2023 23:00;299.21105957;5.97333574;-2.92117977;5.20983887;293.50012207;12.34931183;11.3182373;-4.9387579
31/01/2023 00:00;300.52355957;6.15239;-3.13191414;5.2958107;296.97668457;12.76420689;11.36709976;-5.8047657
31/01/2023 01:00;300.71878052;5.83855152;-2.98894691;5.0151825;295.71096802;11.61833668;10.46147156;-5.0543766
31/01/2023 02:00;297.27365112;5.95164871;-2.73390007;5.28702354;289.08615112;11.28367996;10.65909386;-3.70265007
31/01/2023 03:00;296.9463501;5.54325628;-2.51814556;4.93800545;291.4541626;11.65702629;10.84425545;-4.27791119
31/01/2023 04:00;292.79730225;5.74038744;-2.23082829;5.28889847;286.31292725;11.92984104;11.44514847;-3.36510563
31/01/2023 05:00;290.42233276;5.40180302;-1.89126778;5.06005859;287.10983276;12.18451786;11.64111328;-3.59976387
31/01/2023 06:00;295.17190552;5.36643744;-2.28864956;4.85412025;287.16409302;11.55247307;11.03380775;-3.42243862
31/01/2023 07:00;286.72702026;5.17839575;-1.49645996;4.95685768;284.62545776;11.06999779;10.70783424;-2.80895996
31/01/2023 08:00;282.78125;5.01527643;-1.11537743;4.88998795;277.296875;10.48890972;10.40268326;-1.34486961
31/01/2023 09:00;276.66540527;5.28116035;-0.61921215;5.24420357;273.91540527;11.12491035;11.09771919;-0.77350903
31/01/2023 10:00;267.84375;5.02205706;0.18219662;5.01883316;257.3515625;9.96688175;9.72781754;2.1695013
31/01/2023 11:00;257.68807983;5.19853354;1.10264111;5.08061218;242.98497009;9.95634556;8.87553406;4.51084423
31/01/2023 12:00;246.78915405;4.92039204;1.93338013;4.52447891;238.26571655;11.64597797;9.91217422;6.11306763
31/01/2023 13:00;239.92216492;5.12606716;2.56365108;4.43945503;230.16435242;11.08358669;8.51953316;7.08904171
31/01/2023 14:00;233.6413269;6.31226587;3.73563576;5.08810234;226.8132019;14.67603588;10.7140789;10.02958107
31/01/2023 15:00;235.47718811;7.25198603;4.10244083;5.9798584;234.46937561;14.3340168;11.6751709;8.31581974
31/01/2023 16:00;240.36749268;6.62448883;3.26824856;5.76249123;235.49249268;12.58152008;10.37674904;7.11492825
31/01/2023 17:00;256.640625;7.3819623;1.69613457;7.18432808;238.421875;12.65002823;10.78491402;6.61117363
31/01/2023 18:00;267.55474854;8.53263187;0.35334587;8.52561569;263.79693604;12.60050297;12.52854538;1.34504509
31/01/2023 19:00;282.19537354;8.43316936;-1.79121399;8.24038887;280.85162354;14.15387249;13.89663887;-2.68281555
31/01/2023 20:00;274.67211914;7.80536222;-0.64499092;7.7792511;272.85961914;13.94647503;13.92866516;-0.71286201
31/01/2023 21:00;282.32064819;8.36899662;-1.79636478;8.17332649;276.03158569;13.07505131;13.00047493;-1.39011478
31/01/2023 22:00;279.30480957;8.68979168;-1.41548347;8.57401657;275.04699707;13.52865887;13.47538376;-1.20747566
31/01/2023 23:00;273.96896362;8.11458206;-0.57106972;8.09502411;273.21115112;14.05745316;14.03447723;-0.80544472
