ts,"Nordpool Elspot Prices - daily average price DK-DK2 DKK/MWh | 9F7J/00/00/Nordpool/DK2/daily_average_spot_dkk | 4821","Nordpool Elspot Prices - hourly price DK-DK2 DKK/MWh | 9F7J/00/00/Nordpool/DK2/hourly_spot_dkk | 4820"
"2023-01-02 00:00:00",,"430,65"
"2023-01-02 01:00:00",,"384,24"
"2023-01-02 02:00:00",,"393,09"
"2023-01-02 03:00:00",,"328,39"
"2023-01-02 04:00:00",,"372,42"
"2023-01-02 05:00:00",,"525,98"
"2023-01-02 06:00:00",,"773,99"
"2023-01-02 07:00:00",,"1045,86"
"2023-01-02 08:00:00",,"1085,57"
"2023-01-02 09:00:00",,"1093,53"
"2023-01-02 10:00:00",,"1082,82"
"2023-01-02 11:00:00","917,87","1066,02"
"2023-01-02 12:00:00",,"1073,68"
"2023-01-02 13:00:00",,"1069,07"
"2023-01-02 14:00:00",,"1102,08"
"2023-01-02 15:00:00",,"1155,18"
"2023-01-02 16:00:00",,"1211,32"
"2023-01-02 17:00:00",,"1264,20"
"2023-01-02 18:00:00",,"1299,45"
"2023-01-02 19:00:00",,"1223,00"
"2023-01-02 20:00:00",,"1137,78"
"2023-01-02 21:00:00",,"1053,52"
"2023-01-02 22:00:00",,"979,16"
"2023-01-02 23:00:00",,"877,95"
"2023-01-03 00:00:00",,"586,10"
"2023-01-03 01:00:00",,"549,81"
"2023-01-03 02:00:00",,"549,89"
"2023-01-03 03:00:00",,"531,29"
"2023-01-03 04:00:00",,"537,91"
"2023-01-03 05:00:00",,"573,68"
"2023-01-03 06:00:00",,"762,14"
"2023-01-03 07:00:00",,"1152,43"
"2023-01-03 08:00:00",,"1219,06"
"2023-01-03 09:00:00",,"1242,49"
"2023-01-03 10:00:00",,"1253,64"
"2023-01-03 11:00:00","987,29","1260,48"
"2023-01-03 12:00:00",,"1223,37"
"2023-01-03 13:00:00",,"1196,67"
"2023-01-03 14:00:00",,"1212,66"
"2023-01-03 15:00:00",,"1247,39"
"2023-01-03 16:00:00",,"1239,07"
"2023-01-03 17:00:00",,"1269,63"
"2023-01-03 18:00:00",,"1256,32"
"2023-01-03 19:00:00",,"1197,27"
"2023-01-03 20:00:00",,"1112,71"
"2023-01-03 21:00:00",,"974,61"
"2023-01-03 22:00:00",,"849,82"
"2023-01-03 23:00:00",,"696,54"
"2023-01-04 00:00:00",,"616,36"
"2023-01-04 01:00:00",,"586,32"
"2023-01-04 02:00:00",,"520,06"
"2023-01-04 03:00:00",,"515,07"
"2023-01-04 04:00:00",,"533,59"
"2023-01-04 05:00:00",,"607,81"
"2023-01-04 06:00:00",,"595,76"
"2023-01-04 07:00:00",,"619,71"
"2023-01-04 08:00:00",,"641,57"
"2023-01-04 09:00:00",,"634,88"
"2023-01-04 10:00:00",,"564,83"
"2023-01-04 11:00:00","545,90","607,66"
"2023-01-04 12:00:00",,"601,56"
"2023-01-04 13:00:00",,"592,86"
"2023-01-04 14:00:00",,"596,58"
"2023-01-04 15:00:00",,"593,01"
"2023-01-04 16:00:00",,"601,04"
"2023-01-04 17:00:00",,"640,76"
"2023-01-04 18:00:00",,"537,53"
"2023-01-04 19:00:00",,"495,37"
"2023-01-04 20:00:00",,"462,05"
"2023-01-04 21:00:00",,"425,83"
"2023-01-04 22:00:00",,"282,15"
"2023-01-04 23:00:00",,"229,20"
"2023-01-05 00:00:00",,"223,34"
"2023-01-05 01:00:00",,"209,36"
"2023-01-05 02:00:00",,"205,86"
"2023-01-05 03:00:00",,"206,46"
"2023-01-05 04:00:00",,"212,93"
"2023-01-05 05:00:00",,"131,86"
"2023-01-05 06:00:00",,"466,31"
"2023-01-05 07:00:00",,"636,11"
"2023-01-05 08:00:00",,"695,68"
"2023-01-05 09:00:00",,"802,62"
"2023-01-05 10:00:00",,"957,54"
"2023-01-05 11:00:00","834,50","1038,53"
"2023-01-05 12:00:00",,"1041,14"
"2023-01-05 13:00:00",,"1060,40"
"2023-01-05 14:00:00",,"1111,12"
"2023-01-05 15:00:00",,"1154,26"
"2023-01-05 16:00:00",,"1284,63"
"2023-01-05 17:00:00",,"1448,03"
"2023-01-05 18:00:00",,"1447,80"
"2023-01-05 19:00:00",,"1323,68"
"2023-01-05 20:00:00",,"1219,63"
"2023-01-05 21:00:00",,"1130,46"
"2023-01-05 22:00:00",,"1075,72"
"2023-01-05 23:00:00",,"944,53"
"2023-01-06 00:00:00",,"797,32"
"2023-01-06 01:00:00",,"751,88"
"2023-01-06 02:00:00",,"719,38"
"2023-01-06 03:00:00",,"612,36"
"2023-01-06 04:00:00",,"609,31"
"2023-01-06 05:00:00",,"624,93"
"2023-01-06 06:00:00",,"723,25"
"2023-01-06 07:00:00",,"773,08"
"2023-01-06 08:00:00",,"806,99"
"2023-01-06 09:00:00",,"817,48"
"2023-01-06 10:00:00",,"819,11"
"2023-01-06 11:00:00","795,23","822,90"
"2023-01-06 12:00:00",,"817,40"
"2023-01-06 13:00:00",,"751,81"
"2023-01-06 14:00:00",,"840,83"
"2023-01-06 15:00:00",,"913,34"
"2023-01-06 16:00:00",,"1008,61"
"2023-01-06 17:00:00",,"1120,90"
"2023-01-06 18:00:00",,"1056,87"
"2023-01-06 19:00:00",,"891,85"
"2023-01-06 20:00:00",,"797,40"
"2023-01-06 21:00:00",,"751,29"
"2023-01-06 22:00:00",,"552,20"
"2023-01-06 23:00:00",,"705,03"
"2023-01-07 00:00:00",,"533,00"
"2023-01-07 01:00:00",,"520,06"
"2023-01-07 02:00:00",,"714,32"
"2023-01-07 03:00:00",,"654,23"
"2023-01-07 04:00:00",,"617,19"
"2023-01-07 05:00:00",,"621,65"
"2023-01-07 06:00:00",,"674,97"
"2023-01-07 07:00:00",,"767,56"
"2023-01-07 08:00:00",,"831,89"
"2023-01-07 09:00:00",,"832,94"
"2023-01-07 10:00:00",,"743,69"
"2023-01-07 11:00:00","607,52","656,83"
"2023-01-07 12:00:00",,"653,71"
"2023-01-07 13:00:00",,"682,63"
"2023-01-07 14:00:00",,"598,75"
"2023-01-07 15:00:00",,"587,07"
"2023-01-07 16:00:00",,"594,43"
"2023-01-07 17:00:00",,"585,14"
"2023-01-07 18:00:00",,"582,91"
"2023-01-07 19:00:00",,"553,23"
"2023-01-07 20:00:00",,"498,12"
"2023-01-07 21:00:00",,"446,14"
"2023-01-07 22:00:00",,"362,92"
"2023-01-07 23:00:00",,"266,99"
"2023-01-08 00:00:00",,"181,76"
"2023-01-08 01:00:00",,"69,16"
"2023-01-08 02:00:00",,"67,68"
"2023-01-08 03:00:00",,"30,94"
"2023-01-08 04:00:00",,"41,50"
"2023-01-08 05:00:00",,"73,78"
"2023-01-08 06:00:00",,"67,08"
"2023-01-08 07:00:00",,"122,49"
"2023-01-08 08:00:00",,"201,40"
"2023-01-08 09:00:00",,"216,27"
"2023-01-08 10:00:00",,"261,93"
"2023-01-08 11:00:00","347,56","522,01"
"2023-01-08 12:00:00",,"365,01"
"2023-01-08 13:00:00",,"484,38"
"2023-01-08 14:00:00",,"462,51"
"2023-01-08 15:00:00",,"472,18"
"2023-01-08 16:00:00",,"641,75"
"2023-01-08 17:00:00",,"877,87"
"2023-01-08 18:00:00",,"911,86"
"2023-01-08 19:00:00",,"488,02"
"2023-01-08 20:00:00",,"453,51"
"2023-01-08 21:00:00",,"448,53"
"2023-01-08 22:00:00",,"516,13"
"2023-01-08 23:00:00",,"363,60"
"2023-01-09 00:00:00",,"558,75"
"2023-01-09 01:00:00",,"478,80"
"2023-01-09 02:00:00",,"448,31"
"2023-01-09 03:00:00",,"293,10"
"2023-01-09 04:00:00",,"352,07"
"2023-01-09 05:00:00",,"513,08"
"2023-01-09 06:00:00",,"796,73"
"2023-01-09 07:00:00",,"1189,93"
"2023-01-09 08:00:00",,"1338,67"
"2023-01-09 09:00:00",,"1317,40"
"2023-01-09 10:00:00",,"1183,02"
"2023-01-09 11:00:00","927,33","1194,17"
"2023-01-09 12:00:00",,"1045,36"
"2023-01-09 13:00:00",,"1023,86"
"2023-01-09 14:00:00",,"1067,74"
"2023-01-09 15:00:00",,"1123,15"
"2023-01-09 16:00:00",,"1204,51"
"2023-01-09 17:00:00",,"1296,58"
"2023-01-09 18:00:00",,"1354,89"
"2023-01-09 19:00:00",,"1172,83"
"2023-01-09 20:00:00",,"1078,90"
"2023-01-09 21:00:00",,"1001,18"
"2023-01-09 22:00:00",,"623,52"
"2023-01-09 23:00:00",,"599,35"
"2023-01-10 00:00:00",,"788,47"
"2023-01-10 01:00:00",,"719,23"
"2023-01-10 02:00:00",,"707,56"
"2023-01-10 03:00:00",,"672,01"
"2023-01-10 04:00:00",,"711,05"
"2023-01-10 05:00:00",,"676,91"
"2023-01-10 06:00:00",,"1002,58"
"2023-01-10 07:00:00",,"1150,73"
"2023-01-10 08:00:00",,"1229,56"
"2023-01-10 09:00:00",,"1164,41"
"2023-01-10 10:00:00",,"1123,13"
"2023-01-10 11:00:00","900,27","1063,04"
"2023-01-10 12:00:00",,"1041,70"
"2023-01-10 13:00:00",,"1040,96"
"2023-01-10 14:00:00",,"1055,46"
"2023-01-10 15:00:00",,"1059,18"
"2023-01-10 16:00:00",,"1036,05"
"2023-01-10 17:00:00",,"1088,33"
"2023-01-10 18:00:00",,"1019,46"
"2023-01-10 19:00:00",,"903,30"
"2023-01-10 20:00:00",,"785,64"
"2023-01-10 21:00:00",,"643,52"
"2023-01-10 22:00:00",,"590,13"
"2023-01-10 23:00:00",,"334,00"
"2023-01-11 00:00:00",,"312,59"
"2023-01-11 01:00:00",,"206,23"
"2023-01-11 02:00:00",,"187,19"
"2023-01-11 03:00:00",,"167,86"
"2023-01-11 04:00:00",,"189,57"
"2023-01-11 05:00:00",,"197,83"
"2023-01-11 06:00:00",,"361,00"
"2023-01-11 07:00:00",,"531,69"
"2023-01-11 08:00:00",,"540,76"
"2023-01-11 09:00:00",,"520,31"
"2023-01-11 10:00:00",,"512,35"
"2023-01-11 11:00:00","462,32","515,32"
"2023-01-11 12:00:00",,"512,13"
"2023-01-11 13:00:00",,"496,81"
"2023-01-11 14:00:00",,"517,04"
"2023-01-11 15:00:00",,"564,56"
"2023-01-11 16:00:00",,"886,52"
"2023-01-11 17:00:00",,"954,05"
"2023-01-11 18:00:00",,"791,92"
"2023-01-11 19:00:00",,"505,66"
"2023-01-11 20:00:00",,"484,61"
"2023-01-11 21:00:00",,"446,31"
"2023-01-11 22:00:00",,"371,19"
"2023-01-11 23:00:00",,"322,18"
"2023-01-12 00:00:00",,"147,85"
"2023-01-12 01:00:00",,"41,28"
"2023-01-12 02:00:00",,"34,88"
"2023-01-12 03:00:00",,"0,74"
"2023-01-12 04:00:00",,"20,30"
"2023-01-12 05:00:00",,"185,48"
"2023-01-12 06:00:00",,"267,81"
"2023-01-12 07:00:00",,"446,08"
"2023-01-12 08:00:00",,"484,75"
"2023-01-12 09:00:00",,"483,63"
"2023-01-12 10:00:00",,"493,08"
"2023-01-12 11:00:00","434,06","496,20"
"2023-01-12 12:00:00",,"495,31"
"2023-01-12 13:00:00",,"526,92"
"2023-01-12 14:00:00",,"548,56"
"2023-01-12 15:00:00",,"690,83"
"2023-01-12 16:00:00",,"719,17"
"2023-01-12 17:00:00",,"817,63"
"2023-01-12 18:00:00",,"867,31"
"2023-01-12 19:00:00",,"731,59"
"2023-01-12 20:00:00",,"550,94"
"2023-01-12 21:00:00",,"554,06"
"2023-01-12 22:00:00",,"497,10"
"2023-01-12 23:00:00",,"316,00"
"2023-01-13 00:00:00",,"242,78"
"2023-01-13 01:00:00",,"162,67"
"2023-01-13 02:00:00",,"123,03"
"2023-01-13 03:00:00",,"137,31"
"2023-01-13 04:00:00",,"184,61"
"2023-01-13 05:00:00",,"225,52"
"2023-01-13 06:00:00",,"417,20"
"2023-01-13 07:00:00",,"637,97"
"2023-01-13 08:00:00",,"711,09"
"2023-01-13 09:00:00",,"730,65"
"2023-01-13 10:00:00",,"688,62"
"2023-01-13 11:00:00","508,16","631,72"
"2023-01-13 12:00:00",,"569,24"
"2023-01-13 13:00:00",,"535,32"
"2023-01-13 14:00:00",,"560,54"
"2023-01-13 15:00:00",,"608,59"
"2023-01-13 16:00:00",,"634,55"
"2023-01-13 17:00:00",,"720,75"
"2023-01-13 18:00:00",,"715,55"
"2023-01-13 19:00:00",,"677,39"
"2023-01-13 20:00:00",,"631,79"
"2023-01-13 21:00:00",,"571,92"
"2023-01-13 22:00:00",,"569,09"
"2023-01-13 23:00:00",,"508,02"
"2023-01-14 00:00:00",,"369,77"
"2023-01-14 01:00:00",,"329,08"
"2023-01-14 02:00:00",,"337,78"
"2023-01-14 03:00:00",,"314,27"
"2023-01-14 04:00:00",,"310,18"
"2023-01-14 05:00:00",,"310,03"
"2023-01-14 06:00:00",,"335,47"
"2023-01-14 07:00:00",,"397,21"
"2023-01-14 08:00:00",,"398,92"
"2023-01-14 09:00:00",,"423,17"
"2023-01-14 10:00:00",,"496,29"
"2023-01-14 11:00:00","411,48","487,66"
"2023-01-14 12:00:00",,"486,40"
"2023-01-14 13:00:00",,"466,32"
"2023-01-14 14:00:00",,"498,08"
"2023-01-14 15:00:00",,"550,22"
"2023-01-14 16:00:00",,"564,65"
"2023-01-14 17:00:00",,"547,69"
"2023-01-14 18:00:00",,"517,05"
"2023-01-14 19:00:00",,"466,47"
"2023-01-14 20:00:00",,"383,30"
"2023-01-14 21:00:00",,"324,91"
"2023-01-14 22:00:00",,"297,91"
"2023-01-14 23:00:00",,"262,73"
"2023-01-15 00:00:00",,"203,83"
"2023-01-15 01:00:00",,"202,56"
"2023-01-15 02:00:00",,"180,62"
"2023-01-15 03:00:00",,"96,71"
"2023-01-15 04:00:00",,"59,36"
"2023-01-15 05:00:00",,"36,08"
"2023-01-15 06:00:00",,"45,01"
"2023-01-15 07:00:00",,"75,06"
"2023-01-15 08:00:00",,"104,37"
"2023-01-15 09:00:00",,"141,86"
"2023-01-15 10:00:00",,"132,64"
"2023-01-15 11:00:00","133,34","87,04"
"2023-01-15 12:00:00",,"51,55"
"2023-01-15 13:00:00",,"44,93"
"2023-01-15 14:00:00",,"45,30"
"2023-01-15 15:00:00",,"142,09"
"2023-01-15 16:00:00",,"204,05"
"2023-01-15 17:00:00",,"229,87"
"2023-01-15 18:00:00",,"205,39"
"2023-01-15 19:00:00",,"192,67"
"2023-01-15 20:00:00",,"92,76"
"2023-01-15 21:00:00",,"154,66"
"2023-01-15 22:00:00",,"230,91"
"2023-01-15 23:00:00",,"240,88"
"2023-01-16 00:00:00",,"262,97"
"2023-01-16 01:00:00",,"268,77"
"2023-01-16 02:00:00",,"268,77"
"2023-01-16 03:00:00",,"286,92"
"2023-01-16 04:00:00",,"311,03"
"2023-01-16 05:00:00",,"339,14"
"2023-01-16 06:00:00",,"497,00"
"2023-01-16 07:00:00",,"644,44"
"2023-01-16 08:00:00",,"1152,30"
"2023-01-16 09:00:00",,"1197,83"
"2023-01-16 10:00:00",,"1117,34"
"2023-01-16 11:00:00","684,54","1122,47"
"2023-01-16 12:00:00",,"1093,83"
"2023-01-16 13:00:00",,"818,59"
"2023-01-16 14:00:00",,"1025,47"
"2023-01-16 15:00:00",,"1050,17"
"2023-01-16 16:00:00",,"1087,14"
"2023-01-16 17:00:00",,"966,40"
"2023-01-16 18:00:00",,"661,40"
"2023-01-16 19:00:00",,"595,42"
"2023-01-16 20:00:00",,"490,31"
"2023-01-16 21:00:00",,"444,04"
"2023-01-16 22:00:00",,"381,18"
"2023-01-16 23:00:00",,"346,06"
"2023-01-17 00:00:00",,"350,60"
"2023-01-17 01:00:00",,"319,43"
"2023-01-17 02:00:00",,"313,55"
"2023-01-17 03:00:00",,"303,51"
"2023-01-17 04:00:00",,"309,61"
"2023-01-17 05:00:00",,"340,33"
"2023-01-17 06:00:00",,"447,60"
"2023-01-17 07:00:00",,"527,19"
"2023-01-17 08:00:00",,"545,79"
"2023-01-17 09:00:00",,"540,21"
"2023-01-17 10:00:00",,"550,11"
"2023-01-17 11:00:00","461,29","566,47"
"2023-01-17 12:00:00",,"594,81"
"2023-01-17 13:00:00",,"558,74"
"2023-01-17 14:00:00",,"537,16"
"2023-01-17 15:00:00",,"562,16"
"2023-01-17 16:00:00",,"565,58"
"2023-01-17 17:00:00",,"569,52"
"2023-01-17 18:00:00",,"546,46"
"2023-01-17 19:00:00",,"499,82"
"2023-01-17 20:00:00",,"447,38"
"2023-01-17 21:00:00",,"399,69"
"2023-01-17 22:00:00",,"352,75"
"2023-01-17 23:00:00",,"322,40"
"2023-01-18 00:00:00",,"296,40"
"2023-01-18 01:00:00",,"288,15"
"2023-01-18 02:00:00",,"287,78"
"2023-01-18 03:00:00",,"285,02"
"2023-01-18 04:00:00",,"317,60"
"2023-01-18 05:00:00",,"387,30"
"2023-01-18 06:00:00",,"969,84"
"2023-01-18 07:00:00",,"1237,68"
"2023-01-18 08:00:00",,"1350,00"
"2023-01-18 09:00:00",,"1313,26"
"2023-01-18 10:00:00",,"1041,32"
"2023-01-18 11:00:00","851,75","969,62"
"2023-01-18 12:00:00",,"914,43"
"2023-01-18 13:00:00",,"892,56"
"2023-01-18 14:00:00",,"919,78"
"2023-01-18 15:00:00",,"1041,32"
"2023-01-18 16:00:00",,"1116,52"
"2023-01-18 17:00:00",,"1195,21"
"2023-01-18 18:00:00",,"1154,01"
"2023-01-18 19:00:00",,"969,47"
"2023-01-18 20:00:00",,"899,78"
"2023-01-18 21:00:00",,"891,82"
"2023-01-18 22:00:00",,"874,04"
"2023-01-18 23:00:00",,"829,04"
"2023-01-19 00:00:00",,"621,61"
"2023-01-19 01:00:00",,"618,04"
"2023-01-19 02:00:00",,"615,21"
"2023-01-19 03:00:00",,"631,73"
"2023-01-19 04:00:00",,"690,64"
"2023-01-19 05:00:00",,"780,81"
"2023-01-19 06:00:00",,"879,45"
"2023-01-19 07:00:00",,"1113,04"
"2023-01-19 08:00:00",,"1189,73"
"2023-01-19 09:00:00",,"1159,60"
"2023-01-19 10:00:00",,"1151,64"
"2023-01-19 11:00:00","994,73","1031,28"
"2023-01-19 12:00:00",,"1089,60"
"2023-01-19 13:00:00",,"1124,49"
"2023-01-19 14:00:00",,"1155,66"
"2023-01-19 15:00:00",,"1267,10"
"2023-01-19 16:00:00",,"1341,49"
"2023-01-19 17:00:00",,"1292,54"
"2023-01-19 18:00:00",,"1165,03"
"2023-01-19 19:00:00",,"1127,39"
"2023-01-19 20:00:00",,"1083,50"
"2023-01-19 21:00:00",,"1068,70"
"2023-01-19 22:00:00",,"885,25"
"2023-01-19 23:00:00",,"790,10"
"2023-01-20 00:00:00",,"1092,80"
"2023-01-20 01:00:00",,"1075,02"
"2023-01-20 02:00:00",,"1059,70"
"2023-01-20 03:00:00",,"1062,38"
"2023-01-20 04:00:00",,"1078,59"
"2023-01-20 05:00:00",,"1119,66"
"2023-01-20 06:00:00",,"1309,45"
"2023-01-20 07:00:00",,"1547,96"
"2023-01-20 08:00:00",,"1748,75"
"2023-01-20 09:00:00",,"1649,36"
"2023-01-20 10:00:00",,"1560,61"
"2023-01-20 11:00:00","1344,04","1499,23"
"2023-01-20 12:00:00",,"1408,02"
"2023-01-20 13:00:00",,"1351,26"
"2023-01-20 14:00:00",,"1356,69"
"2023-01-20 15:00:00",,"1428,41"
"2023-01-20 16:00:00",,"1487,92"
"2023-01-20 17:00:00",,"1549,08"
"2023-01-20 18:00:00",,"1550,41"
"2023-01-20 19:00:00",,"1465,60"
"2023-01-20 20:00:00",,"1307,14"
"2023-01-20 21:00:00",,"1237,73"
"2023-01-20 22:00:00",,"1213,40"
"2023-01-20 23:00:00",,"1097,71"
"2023-01-21 00:00:00",,"1072,22"
"2023-01-21 01:00:00",,"1041,94"
"2023-01-21 02:00:00",,"1042,91"
"2023-01-21 03:00:00",,"994,93"
"2023-01-21 04:00:00",,"976,33"
"2023-01-21 05:00:00",,"982,43"
"2023-01-21 06:00:00",,"970,60"
"2023-01-21 07:00:00",,"1043,36"
"2023-01-21 08:00:00",,"1134,34"
"2023-01-21 09:00:00",,"1277,03"
"2023-01-21 10:00:00",,"1264,75"
"2023-01-21 11:00:00","1053,71","1167,52"
"2023-01-21 12:00:00",,"1100,34"
"2023-01-21 13:00:00",,"1019,33"
"2023-01-21 14:00:00",,"1016,06"
"2023-01-21 15:00:00",,"1011,00"
"2023-01-21 16:00:00",,"1072,89"
"2023-01-21 17:00:00",,"1293,84"
"2023-01-21 18:00:00",,"1330,81"
"2023-01-21 19:00:00",,"1042,09"
"2023-01-21 20:00:00",,"1000,66"
"2023-01-21 21:00:00",,"962,20"
"2023-01-21 22:00:00",,"802,47"
"2023-01-21 23:00:00",,"668,94"
"2023-01-22 00:00:00",,"590,69"
"2023-01-22 01:00:00",,"588,98"
"2023-01-22 02:00:00",,"543,53"
"2023-01-22 03:00:00",,"531,55"
"2023-01-22 04:00:00",,"520,84"
"2023-01-22 05:00:00",,"465,63"
"2023-01-22 06:00:00",,"456,93"
"2023-01-22 07:00:00",,"482,97"
"2023-01-22 08:00:00",,"639,87"
"2023-01-22 09:00:00",,"900,10"
"2023-01-22 10:00:00",,"1023,96"
"2023-01-22 11:00:00","922,35","925,39"
"2023-01-22 12:00:00",,"807,85"
"2023-01-22 13:00:00",,"892,58"
"2023-01-22 14:00:00",,"1124,77"
"2023-01-22 15:00:00",,"1143,52"
"2023-01-22 16:00:00",,"1272,37"
"2023-01-22 17:00:00",,"1428,30"
"2023-01-22 18:00:00",,"1503,29"
"2023-01-22 19:00:00",,"1481,71"
"2023-01-22 20:00:00",,"1299,74"
"2023-01-22 21:00:00",,"1237,92"
"2023-01-22 22:00:00",,"1170,60"
"2023-01-22 23:00:00",,"1103,27"
"2023-01-23 00:00:00",,"1108,18"
"2023-01-23 01:00:00",,"1108,48"
"2023-01-23 02:00:00",,"1104,01"
"2023-01-23 03:00:00",,"1097,99"
"2023-01-23 04:00:00",,"1115,02"
"2023-01-23 05:00:00",,"1118,30"
"2023-01-23 06:00:00",,"1413,20"
"2023-01-23 07:00:00",,"1685,33"
"2023-01-23 08:00:00",,"1918,78"
"2023-01-23 09:00:00",,"2010,29"
"2023-01-23 10:00:00",,"1859,41"
"2023-01-23 11:00:00","1506,22","1712,78"
"2023-01-23 12:00:00",,"1643,74"
"2023-01-23 13:00:00",,"1630,58"
"2023-01-23 14:00:00",,"1634,37"
"2023-01-23 15:00:00",,"1629,16"
"2023-01-23 16:00:00",,"1670,75"
"2023-01-23 17:00:00",,"1851,68"
"2023-01-23 18:00:00",,"1845,50"
"2023-01-23 19:00:00",,"1660,41"
"2023-01-23 20:00:00",,"1514,15"
"2023-01-23 21:00:00",,"1368,93"
"2023-01-23 22:00:00",,"1280,25"
"2023-01-23 23:00:00",,"1168,07"
"2023-01-24 00:00:00",,"1226,40"
"2023-01-24 01:00:00",,"1190,69"
"2023-01-24 02:00:00",,"1085,42"
"2023-01-24 03:00:00",,"1059,38"
"2023-01-24 04:00:00",,"1142,86"
"2023-01-24 05:00:00",,"1165,77"
"2023-01-24 06:00:00",,"1365,97"
"2023-01-24 07:00:00",,"1562,89"
"2023-01-24 08:00:00",,"1868,06"
"2023-01-24 09:00:00",,"1907,71"
"2023-01-24 10:00:00",,"1775,51"
"2023-01-24 11:00:00","1474,00","1710,79"
"2023-01-24 12:00:00",,"1620,70"
"2023-01-24 13:00:00",,"1532,46"
"2023-01-24 14:00:00",,"1601,58"
"2023-01-24 15:00:00",,"1621,66"
"2023-01-24 16:00:00",,"1670,76"
"2023-01-24 17:00:00",,"1859,88"
"2023-01-24 18:00:00",,"1859,88"
"2023-01-24 19:00:00",,"1719,57"
"2023-01-24 20:00:00",,"1542,13"
"2023-01-24 21:00:00",,"1305,26"
"2023-01-24 22:00:00",,"1023,15"
"2023-01-24 23:00:00",,"957,46"
"2023-01-25 00:00:00",,"927,86"
"2023-01-25 01:00:00",,"894,61"
"2023-01-25 02:00:00",,"880,92"
"2023-01-25 03:00:00",,"867,90"
"2023-01-25 04:00:00",,"869,31"
"2023-01-25 05:00:00",,"899,37"
"2023-01-25 06:00:00",,"931,95"
"2023-01-25 07:00:00",,"1220,01"
"2023-01-25 08:00:00",,"1231,99"
"2023-01-25 09:00:00",,"1151,42"
"2023-01-25 10:00:00",,"1046,52"
"2023-01-25 11:00:00","953,06","996,60"
"2023-01-25 12:00:00",,"975,99"
"2023-01-25 13:00:00",,"973,47"
"2023-01-25 14:00:00",,"970,86"
"2023-01-25 15:00:00",,"879,80"
"2023-01-25 16:00:00",,"992,06"
"2023-01-25 17:00:00",,"1069,88"
"2023-01-25 18:00:00",,"1037,97"
"2023-01-25 19:00:00",,"977,41"
"2023-01-25 20:00:00",,"1115,93"
"2023-01-25 21:00:00",,"749,98"
"2023-01-25 22:00:00",,"749,76"
"2023-01-25 23:00:00",,"461,77"
"2023-01-26 00:00:00",,"461,80"
"2023-01-26 01:00:00",,"373,07"
"2023-01-26 02:00:00",,"521,08"
"2023-01-26 03:00:00",,"746,59"
"2023-01-26 04:00:00",,"899,13"
"2023-01-26 05:00:00",,"922,26"
"2023-01-26 06:00:00",,"1192,92"
"2023-01-26 07:00:00",,"1357,29"
"2023-01-26 08:00:00",,"1479,71"
"2023-01-26 09:00:00",,"1480,53"
"2023-01-26 10:00:00",,"1430,85"
"2023-01-26 11:00:00","1005,53","1409,95"
"2023-01-26 12:00:00",,"1342,71"
"2023-01-26 13:00:00",,"1340,93"
"2023-01-26 14:00:00",,"951,72"
"2023-01-26 15:00:00",,"1007,65"
"2023-01-26 16:00:00",,"1137,96"
"2023-01-26 17:00:00",,"1384,88"
"2023-01-26 18:00:00",,"1115,64"
"2023-01-26 19:00:00",,"996,05"
"2023-01-26 20:00:00",,"820,22"
"2023-01-26 21:00:00",,"792,33"
"2023-01-26 22:00:00",,"513,27"
"2023-01-26 23:00:00",,"454,29"
"2023-01-27 00:00:00",,"584,32"
"2023-01-27 01:00:00",,"609,23"
"2023-01-27 02:00:00",,"681,01"
"2023-01-27 03:00:00",,"706,30"
"2023-01-27 04:00:00",,"813,85"
"2023-01-27 05:00:00",,"916,27"
"2023-01-27 06:00:00",,"1113,44"
"2023-01-27 07:00:00",,"1309,80"
"2023-01-27 08:00:00",,"1450,38"
"2023-01-27 09:00:00",,"1481,54"
"2023-01-27 10:00:00",,"1450,38"
"2023-01-27 11:00:00","1191,13","1413,19"
"2023-01-27 12:00:00",,"1361,57"
"2023-01-27 13:00:00",,"1338,81"
"2023-01-27 14:00:00",,"1349,97"
"2023-01-27 15:00:00",,"1376,00"
"2023-01-27 16:00:00",,"1398,31"
"2023-01-27 17:00:00",,"1473,06"
"2023-01-27 18:00:00",,"1492,77"
"2023-01-27 19:00:00",,"1440,71"
"2023-01-27 20:00:00",,"1349,97"
"2023-01-27 21:00:00",,"1236,54"
"2023-01-27 22:00:00",,"1153,76"
"2023-01-27 23:00:00",,"1085,92"
"2023-01-28 00:00:00",,"1040,51"
"2023-01-28 01:00:00",,"1004,06"
"2023-01-28 02:00:00",,"991,57"
"2023-01-28 03:00:00",,"962,93"
"2023-01-28 04:00:00",,"931,32"
"2023-01-28 05:00:00",,"913,47"
"2023-01-28 06:00:00",,"957,95"
"2023-01-28 07:00:00",,"879,48"
"2023-01-28 08:00:00",,"869,74"
"2023-01-28 09:00:00",,"871,23"
"2023-01-28 10:00:00",,"885,29"
"2023-01-28 11:00:00","648,02","871,08"
"2023-01-28 12:00:00",,"837,54"
"2023-01-28 13:00:00",,"595,52"
"2023-01-28 14:00:00",,"373,88"
"2023-01-28 15:00:00",,"260,46"
"2023-01-28 16:00:00",,"282,10"
"2023-01-28 17:00:00",,"379,68"
"2023-01-28 18:00:00",,"336,10"
"2023-01-28 19:00:00",,"257,78"
"2023-01-28 20:00:00",,"235,17"
"2023-01-28 21:00:00",,"260,54"
"2023-01-28 22:00:00",,"323,75"
"2023-01-28 23:00:00",,"231,31"
"2023-01-29 00:00:00",,"221,35"
"2023-01-29 01:00:00",,"218,08"
"2023-01-29 02:00:00",,"211,01"
"2023-01-29 03:00:00",,"209,97"
"2023-01-29 04:00:00",,"212,87"
"2023-01-29 05:00:00",,"200,75"
"2023-01-29 06:00:00",,"202,76"
"2023-01-29 07:00:00",,"217,04"
"2023-01-29 08:00:00",,"229,83"
"2023-01-29 09:00:00",,"232,88"
"2023-01-29 10:00:00",,"255,57"
"2023-01-29 11:00:00","226,04","252,89"
"2023-01-29 12:00:00",,"252,07"
"2023-01-29 13:00:00",,"259,96"
"2023-01-29 14:00:00",,"255,72"
"2023-01-29 15:00:00",,"242,03"
"2023-01-29 16:00:00",,"258,02"
"2023-01-29 17:00:00",,"272,60"
"2023-01-29 18:00:00",,"259,21"
"2023-01-29 19:00:00",,"231,84"
"2023-01-29 20:00:00",,"212,20"
"2023-01-29 21:00:00",,"193,24"
"2023-01-29 22:00:00",,"186,54"
"2023-01-29 23:00:00",,"136,41"
"2023-01-30 00:00:00",,"97,36"
"2023-01-30 01:00:00",,"42,84"
"2023-01-30 02:00:00",,"36,82"
"2023-01-30 03:00:00",,"15,10"
"2023-01-30 04:00:00",,"67,16"
"2023-01-30 05:00:00",,"198,89"
"2023-01-30 06:00:00",,"209,30"
"2023-01-30 07:00:00",,"223,21"
"2023-01-30 08:00:00",,"229,01"
"2023-01-30 09:00:00",,"225,97"
"2023-01-30 10:00:00",,"223,06"
"2023-01-30 11:00:00","170,88","212,50"
"2023-01-30 12:00:00",,"215,70"
"2023-01-30 13:00:00",,"209,75"
"2023-01-30 14:00:00",,"206,70"
"2023-01-30 15:00:00",,"207,82"
"2023-01-30 16:00:00",,"210,57"
"2023-01-30 17:00:00",,"218,97"
"2023-01-30 18:00:00",,"220,31"
"2023-01-30 19:00:00",,"204,84"
"2023-01-30 20:00:00",,"199,49"
"2023-01-30 21:00:00",,"193,31"
"2023-01-30 22:00:00",,"157,98"
"2023-01-30 23:00:00",,"74,38"
"2023-01-31 00:00:00",,"188,63"
"2023-01-31 01:00:00",,"187,44"
"2023-01-31 02:00:00",,"190,26"
"2023-01-31 03:00:00",,"195,62"
"2023-01-31 04:00:00",,"217,49"
"2023-01-31 05:00:00",,"225,82"
"2023-01-31 06:00:00",,"297,81"
"2023-01-31 07:00:00",,"644,87"
"2023-01-31 08:00:00",,"855,44"
"2023-01-31 09:00:00",,"837,06"
"2023-01-31 10:00:00",,"809,62"
"2023-01-31 11:00:00","566,68","751,90"
"2023-01-31 12:00:00",,"726,69"
"2023-01-31 13:00:00",,"717,98"
"2023-01-31 14:00:00",,"714,26"
"2023-01-31 15:00:00",,"715,16"
"2023-01-31 16:00:00",,"717,61"
"2023-01-31 17:00:00",,"743,64"
"2023-01-31 18:00:00",,"737,02"
"2023-01-31 19:00:00",,"708,83"
"2023-01-31 20:00:00",,"669,79"
"2023-01-31 21:00:00",,"625,68"
"2023-01-31 22:00:00",,"609,76"
"2023-01-31 23:00:00",,"511,95"
"2023-02-01 00:00:00",,"562,94"
"2023-02-01 01:00:00",,"502,47"
"2023-02-01 02:00:00",,"488,63"
"2023-02-01 03:00:00",,"497,04"
"2023-02-01 04:00:00",,"438,94"
"2023-02-01 05:00:00",,"544,20"
"2023-02-01 06:00:00",,"698,99"
"2023-02-01 07:00:00",,"818,53"
"2023-02-01 08:00:00",,"870,30"
"2023-02-01 09:00:00",,"821,65"
"2023-02-01 10:00:00",,"781,26"
"2023-02-01 11:00:00","687,94","754,63"
"2023-02-01 12:00:00",,"738,94"
"2023-02-01 13:00:00",,"732,91"
"2023-02-01 14:00:00",,"731,35"
"2023-02-01 15:00:00",,"733,13"
"2023-02-01 16:00:00",,"763,85"
"2023-02-01 17:00:00",,"811,68"
"2023-02-01 18:00:00",,"810,05"
"2023-02-01 19:00:00",,"750,39"
"2023-02-01 20:00:00",,"726,36"
"2023-02-01 21:00:00",,"704,79"
"2023-02-01 22:00:00",,"642,83"
"2023-02-01 23:00:00",,"584,59"
"2023-02-02 00:00:00",,"552,71"
"2023-02-02 01:00:00",,"504,13"
"2023-02-02 02:00:00",,"530,76"
"2023-02-02 03:00:00",,"557,25"
"2023-02-02 04:00:00",,"611,70"
"2023-02-02 05:00:00",,"631,11"
"2023-02-02 06:00:00",,"839,78"
"2023-02-02 07:00:00",,"1033,48"
"2023-02-02 08:00:00",,"1263,64"
"2023-02-02 09:00:00",,"1325,61"
"2023-02-02 10:00:00",,"1265,28"
"2023-02-02 11:00:00","1006,57","1243,86"
"2023-02-02 12:00:00",,"1166,86"
"2023-02-02 13:00:00",,"1136,21"
"2023-02-02 14:00:00",,"1200,93"
"2023-02-02 15:00:00",,"1215,44"
"2023-02-02 16:00:00",,"1244,38"
"2023-02-02 17:00:00",,"1325,39"
"2023-02-02 18:00:00",,"1362,21"
"2023-02-02 19:00:00",,"1280,83"
"2023-02-02 20:00:00",,"1056,99"
"2023-02-02 21:00:00",,"1067,78"
"2023-02-02 22:00:00",,"968,17"
"2023-02-02 23:00:00",,"773,12"
"2023-02-03 00:00:00",,"805,67"
"2023-02-03 01:00:00",,"745,93"
"2023-02-03 02:00:00",,"697,95"
"2023-02-03 03:00:00",,"653,39"
"2023-02-03 04:00:00",,"625,12"
"2023-02-03 05:00:00",,"662,24"
"2023-02-03 06:00:00",,"745,93"
"2023-02-03 07:00:00",,"801,43"
"2023-02-03 08:00:00",,"806,71"
"2023-02-03 09:00:00",,"798,75"
"2023-02-03 10:00:00",,"744,15"
"2023-02-03 11:00:00","757,45","764,83"
"2023-02-03 12:00:00",,"758,80"
"2023-02-03 13:00:00",,"744,52"
"2023-02-03 14:00:00",,"746,31"
"2023-02-03 15:00:00",,"758,80"
"2023-02-03 16:00:00",,"801,36"
"2023-02-03 17:00:00",,"836,17"
"2023-02-03 18:00:00",,"844,50"
"2023-02-03 19:00:00",,"803,96"
"2023-02-03 20:00:00",,"752,93"
"2023-02-03 21:00:00",,"747,50"
"2023-02-03 22:00:00",,"730,01"
"2023-02-03 23:00:00",,"801,95"
"2023-02-04 00:00:00",,"523,78"
"2023-02-04 01:00:00",,"538,89"
"2023-02-04 02:00:00",,"543,73"
"2023-02-04 03:00:00",,"906,49"
"2023-02-04 04:00:00",,"933,36"
"2023-02-04 05:00:00",,"948,70"
"2023-02-04 06:00:00",,"1022,40"
"2023-02-04 07:00:00",,"1163,61"
"2023-02-04 08:00:00",,"1222,27"
"2023-02-04 09:00:00",,"1264,26"
"2023-02-04 10:00:00",,"1221,68"
"2023-02-04 11:00:00","1039,68","1164,21"
"2023-02-04 12:00:00",,"1108,01"
"2023-02-04 13:00:00",,"992,84"
"2023-02-04 14:00:00",,"998,20"
"2023-02-04 15:00:00",,"1054,18"
"2023-02-04 16:00:00",,"1156,54"
"2023-02-04 17:00:00",,"1267,68"
"2023-02-04 18:00:00",,"1370,94"
"2023-02-04 19:00:00",,"1339,67"
"2023-02-04 20:00:00",,"1249,74"
"2023-02-04 21:00:00",,"1177,16"
"2023-02-04 22:00:00",,"979,81"
"2023-02-04 23:00:00",,"804,20"
"2023-02-05 00:00:00",,"828,52"
"2023-02-05 01:00:00",,"777,53"
"2023-02-05 02:00:00",,"771,79"
"2023-02-05 03:00:00",,"757,80"
"2023-02-05 04:00:00",,"751,84"
"2023-02-05 05:00:00",,"655,13"
"2023-02-05 06:00:00",,"654,99"
"2023-02-05 07:00:00",,"655,13"
"2023-02-05 08:00:00",,"795,77"
"2023-02-05 09:00:00",,"806,04"
"2023-02-05 10:00:00",,"808,05"
"2023-02-05 11:00:00","827,90","797,11"
"2023-02-05 12:00:00",,"781,55"
"2023-02-05 13:00:00",,"772,02"
"2023-02-05 14:00:00",,"791,74"
"2023-02-05 15:00:00",,"839,09"
"2023-02-05 16:00:00",,"893,14"
"2023-02-05 17:00:00",,"1056,48"
"2023-02-05 18:00:00",,"994,84"
"2023-02-05 19:00:00",,"976,45"
"2023-02-05 20:00:00",,"923,96"
"2023-02-05 21:00:00",,"906,99"
"2023-02-05 22:00:00",,"932,15"
"2023-02-05 23:00:00",,"941,46"
"2023-02-06 00:00:00",,"1079,48"
"2023-02-06 01:00:00",,"1070,03"
"2023-02-06 02:00:00",,"1082,54"
"2023-02-06 03:00:00",,"1057,82"
"2023-02-06 04:00:00",,"1043,00"
"2023-02-06 05:00:00",,"1108,74"
"2023-02-06 06:00:00",,"1307,81"
"2023-02-06 07:00:00",,"1493,78"
"2023-02-06 08:00:00",,"1588,63"
"2023-02-06 09:00:00",,"1493,78"
"2023-02-06 10:00:00",,"1377,87"
"2023-02-06 11:00:00","1285,39","1338,86"
"2023-02-06 12:00:00",,"1256,07"
"2023-02-06 13:00:00",,"1199,79"
"2023-02-06 14:00:00",,"1220,19"
"2023-02-06 15:00:00",,"1270,59"
"2023-02-06 16:00:00",,"1353,45"
"2023-02-06 17:00:00",,"1481,05"
"2023-02-06 18:00:00",,"1589,45"
"2023-02-06 19:00:00",,"1528,99"
"2023-02-06 20:00:00",,"1386,28"
"2023-02-06 21:00:00",,"1239,40"
"2023-02-06 22:00:00",,"1135,32"
"2023-02-06 23:00:00",,"1146,49"
"2023-02-07 00:00:00",,"1084,55"
"2023-02-07 01:00:00",,"1057,76"
"2023-02-07 02:00:00",,"1044,29"
"2023-02-07 03:00:00",,"1037,22"
"2023-02-07 04:00:00",,"1053,89"
"2023-02-07 05:00:00",,"1067,58"
"2023-02-07 06:00:00",,"1269,28"
"2023-02-07 07:00:00",,"1473,88"
"2023-02-07 08:00:00",,"1593,93"
"2023-02-07 09:00:00",,"1427,88"
"2023-02-07 10:00:00",,"1253,20"
"2023-02-07 11:00:00","1279,13","1030,22"
"2023-02-07 12:00:00",,"1019,35"
"2023-02-07 13:00:00",,"979,68"
"2023-02-07 14:00:00",,"1071,82"
"2023-02-07 15:00:00",,"1248,37"
"2023-02-07 16:00:00",,"1413,97"
"2023-02-07 17:00:00",,"1654,22"
"2023-02-07 18:00:00",,"1827,93"
"2023-02-07 19:00:00",,"1704,38"
"2023-02-07 20:00:00",,"1481,32"
"2023-02-07 21:00:00",,"1400,57"
"2023-02-07 22:00:00",,"1290,12"
"2023-02-07 23:00:00",,"1213,68"
"2023-02-08 00:00:00",,"1190,82"
"2023-02-08 01:00:00",,"1154,43"
"2023-02-08 02:00:00",,"1116,11"
"2023-02-08 03:00:00",,"1101,01"
"2023-02-08 04:00:00",,"1086,13"
"2023-02-08 05:00:00",,"1109,42"
"2023-02-08 06:00:00",,"1307,27"
"2023-02-08 07:00:00",,"1463,15"
"2023-02-08 08:00:00",,"1608,62"
"2023-02-08 09:00:00",,"1309,57"
"2023-02-08 10:00:00",,"952,42"
"2023-02-08 11:00:00","905,78","917,44"
"2023-02-08 12:00:00",,"860,23"
"2023-02-08 13:00:00",,"854,79"
"2023-02-08 14:00:00",,"850,03"
"2023-02-08 15:00:00",,"933,00"
"2023-02-08 16:00:00",,"953,16"
"2023-02-08 17:00:00",,"951,00"
"2023-02-08 18:00:00",,"765,13"
"2023-02-08 19:00:00",,"654,64"
"2023-02-08 20:00:00",,"189,22"
"2023-02-08 21:00:00",,"160,12"
"2023-02-08 22:00:00",,"147,40"
"2023-02-08 23:00:00",,"103,65"
"2023-02-09 00:00:00",,"89,53"
"2023-02-09 01:00:00",,"74,50"
"2023-02-09 02:00:00",,"57,01"
"2023-02-09 03:00:00",,"54,55"
"2023-02-09 04:00:00",,"88,19"
"2023-02-09 05:00:00",,"122,80"
"2023-02-09 06:00:00",,"152,65"
"2023-02-09 07:00:00",,"186,73"
"2023-02-09 08:00:00",,"211,52"
"2023-02-09 09:00:00",,"216,65"
"2023-02-09 10:00:00",,"219,18"
"2023-02-09 11:00:00","161,71","214,20"
"2023-02-09 12:00:00",,"207,65"
"2023-02-09 13:00:00",,"192,39"
"2023-02-09 14:00:00",,"187,85"
"2023-02-09 15:00:00",,"190,46"
"2023-02-09 16:00:00",,"189,86"
"2023-02-09 17:00:00",,"200,95"
"2023-02-09 18:00:00",,"194,77"
"2023-02-09 19:00:00",,"179,89"
"2023-02-09 20:00:00",,"174,38"
"2023-02-09 21:00:00",,"166,57"
"2023-02-09 22:00:00",,"159,35"
"2023-02-09 23:00:00",,"149,37"
"2023-02-10 00:00:00",,"136,33"
"2023-02-10 01:00:00",,"132,98"
"2023-02-10 02:00:00",,"132,76"
"2023-02-10 03:00:00",,"140,49"
"2023-02-10 04:00:00",,"143,77"
"2023-02-10 05:00:00",,"146,30"
"2023-02-10 06:00:00",,"189,83"
"2023-02-10 07:00:00",,"681,79"
"2023-02-10 08:00:00",,"951,02"
"2023-02-10 09:00:00",,"1062,34"
"2023-02-10 10:00:00",,"847,81"
"2023-02-10 11:00:00","386,52","740,28"
"2023-02-10 12:00:00",,"706,42"
"2023-02-10 13:00:00",,"666,31"
"2023-02-10 14:00:00",,"372,00"
"2023-02-10 15:00:00",,"278,53"
"2023-02-10 16:00:00",,"286,12"
"2023-02-10 17:00:00",,"307,03"
"2023-02-10 18:00:00",,"232,92"
"2023-02-10 19:00:00",,"223,09"
"2023-02-10 20:00:00",,"221,90"
"2023-02-10 21:00:00",,"229,49"
"2023-02-10 22:00:00",,"223,69"
"2023-02-10 23:00:00",,"223,32"
"2023-02-11 00:00:00",,"241,62"
"2023-02-11 01:00:00",,"242,37"
"2023-02-11 02:00:00",,"227,03"
"2023-02-11 03:00:00",,"216,98"
"2023-02-11 04:00:00",,"207,98"
"2023-02-11 05:00:00",,"203,88"
"2023-02-11 06:00:00",,"209,91"
"2023-02-11 07:00:00",,"222,19"
"2023-02-11 08:00:00",,"243,11"
"2023-02-11 09:00:00",,"263,73"
"2023-02-11 10:00:00",,"275,49"
"2023-02-11 11:00:00","431,36","285,47"
"2023-02-11 12:00:00",,"335,93"
"2023-02-11 13:00:00",,"418,41"
"2023-02-11 14:00:00",,"382,16"
"2023-02-11 15:00:00",,"446,25"
"2023-02-11 16:00:00",,"660,18"
"2023-02-11 17:00:00",,"744,15"
"2023-02-11 18:00:00",,"832,73"
"2023-02-11 19:00:00",,"809,43"
"2023-02-11 20:00:00",,"743,18"
"2023-02-11 21:00:00",,"730,97"
"2023-02-11 22:00:00",,"703,43"
"2023-02-11 23:00:00",,"705,96"
"2023-02-12 00:00:00",,"966,27"
"2023-02-12 01:00:00",,"934,76"
"2023-02-12 02:00:00",,"981,69"
"2023-02-12 03:00:00",,"950,25"
"2023-02-12 04:00:00",,"882,39"
"2023-02-12 05:00:00",,"885,60"
"2023-02-12 06:00:00",,"804,63"
"2023-02-12 07:00:00",,"865,34"
"2023-02-12 08:00:00",,"1057,52"
"2023-02-12 09:00:00",,"1005,38"
"2023-02-12 10:00:00",,"1002,77"
"2023-02-12 11:00:00","700,71","900,87"
"2023-02-12 12:00:00",,"791,07"
"2023-02-12 13:00:00",,"644,78"
"2023-02-12 14:00:00",,"532,74"
"2023-02-12 15:00:00",,"510,62"
"2023-02-12 16:00:00",,"469,65"
"2023-02-12 17:00:00",,"752,19"
"2023-02-12 18:00:00",,"644,55"
"2023-02-12 19:00:00",,"395,16"
"2023-02-12 20:00:00",,"275,76"
"2023-02-12 21:00:00",,"275,68"
"2023-02-12 22:00:00",,"167,08"
"2023-02-12 23:00:00",,"120,37"
"2023-02-13 00:00:00",,"127,30"
"2023-02-13 01:00:00",,"109,50"
"2023-02-13 02:00:00",,"101,83"
"2023-02-13 03:00:00",,"94,45"
"2023-02-13 04:00:00",,"120,30"
"2023-02-13 05:00:00",,"146,15"
"2023-02-13 06:00:00",,"449,02"
"2023-02-13 07:00:00",,"745,19"
"2023-02-13 08:00:00",,"1476,59"
"2023-02-13 09:00:00",,"745,04"
"2023-02-13 10:00:00",,"745,56"
"2023-02-13 11:00:00","793,57","737,89"
"2023-02-13 12:00:00",,"737,66"
"2023-02-13 13:00:00",,"644,85"
"2023-02-13 14:00:00",,"545,11"
"2023-02-13 15:00:00",,"833,31"
"2023-02-13 16:00:00",,"1119,05"
"2023-02-13 17:00:00",,"1400,84"
"2023-02-13 18:00:00",,"1652,16"
"2023-02-13 19:00:00",,"1538,94"
"2023-02-13 20:00:00",,"1399,35"
"2023-02-13 21:00:00",,"1258,26"
"2023-02-13 22:00:00",,"1199,05"
"2023-02-13 23:00:00",,"1118,23"
"2023-02-14 00:00:00",,"1010,22"
"2023-02-14 01:00:00",,"985,64"
"2023-02-14 02:00:00",,"984,45"
"2023-02-14 03:00:00",,"984,15"
"2023-02-14 04:00:00",,"985,64"
"2023-02-14 05:00:00",,"1057,23"
"2023-02-14 06:00:00",,"1238,16"
"2023-02-14 07:00:00",,"1489,71"
"2023-02-14 08:00:00",,"1541,78"
"2023-02-14 09:00:00",,"1345,27"
"2023-02-14 10:00:00",,"1029,89"
"2023-02-14 11:00:00","1150,81","1036,59"
"2023-02-14 12:00:00",,"971,04"
"2023-02-14 13:00:00",,"934,17"
"2023-02-14 14:00:00",,"945,49"
"2023-02-14 15:00:00",,"985,64"
"2023-02-14 16:00:00",,"1137,45"
"2023-02-14 17:00:00",,"1346,84"
"2023-02-14 18:00:00",,"1489,71"
"2023-02-14 19:00:00",,"1437,42"
"2023-02-14 20:00:00",,"1309,59"
"2023-02-14 21:00:00",,"1192,50"
"2023-02-14 22:00:00",,"1125,01"
"2023-02-14 23:00:00",,"1055,74"
"2023-02-15 00:00:00",,"1004,51"
"2023-02-15 01:00:00",,"975,75"
"2023-02-15 02:00:00",,"968,67"
"2023-02-15 03:00:00",,"968,75"
"2023-02-15 04:00:00",,"943,78"
"2023-02-15 05:00:00",,"1017,33"
"2023-02-15 06:00:00",,"1201,15"
"2023-02-15 07:00:00",,"1378,49"
"2023-02-15 08:00:00",,"1406,51"
"2023-02-15 09:00:00",,"1275,82"
"2023-02-15 10:00:00",,"1136,48"
"2023-02-15 11:00:00","1036,43","984,77"
"2023-02-15 12:00:00",,"900,04"
"2023-02-15 13:00:00",,"904,96"
"2023-02-15 14:00:00",,"904,44"
"2023-02-15 15:00:00",,"959,06"
"2023-02-15 16:00:00",,"1080,37"
"2023-02-15 17:00:00",,"1183,27"
"2023-02-15 18:00:00",,"1292,95"
"2023-02-15 19:00:00",,"1191,54"
"2023-02-15 20:00:00",,"894,90"
"2023-02-15 21:00:00",,"835,07"
"2023-02-15 22:00:00",,"769,72"
"2023-02-15 23:00:00",,"696,03"
"2023-02-16 00:00:00",,"678,26"
"2023-02-16 01:00:00",,"644,43"
"2023-02-16 02:00:00",,"430,12"
"2023-02-16 03:00:00",,"339,58"
"2023-02-16 04:00:00",,"313,57"
"2023-02-16 05:00:00",,"793,99"
"2023-02-16 06:00:00",,"1058,97"
"2023-02-16 07:00:00",,"1240,72"
"2023-02-16 08:00:00",,"1306,59"
"2023-02-16 09:00:00",,"1240,27"
"2023-02-16 10:00:00",,"1119,85"
"2023-02-16 11:00:00","901,03","990,64"
"2023-02-16 12:00:00",,"880,65"
"2023-02-16 13:00:00",,"884,00"
"2023-02-16 14:00:00",,"953,30"
"2023-02-16 15:00:00",,"1005,62"
"2023-02-16 16:00:00",,"1050,40"
"2023-02-16 17:00:00",,"1236,99"
"2023-02-16 18:00:00",,"1240,94"
"2023-02-16 19:00:00",,"1152,41"
"2023-02-16 20:00:00",,"967,98"
"2023-02-16 21:00:00",,"977,22"
"2023-02-16 22:00:00",,"644,65"
"2023-02-16 23:00:00",,"473,56"
"2023-02-17 00:00:00",,"775,45"
"2023-02-17 01:00:00",,"292,26"
"2023-02-17 02:00:00",,"239,59"
"2023-02-17 03:00:00",,"238,99"
"2023-02-17 04:00:00",,"258,28"
"2023-02-17 05:00:00",,"279,81"
"2023-02-17 06:00:00",,"503,23"
"2023-02-17 07:00:00",,"700,36"
"2023-02-17 08:00:00",,"700,36"
"2023-02-17 09:00:00",,"662,96"
"2023-02-17 10:00:00",,"651,56"
"2023-02-17 11:00:00","369,83","427,25"
"2023-02-17 12:00:00",,"342,62"
"2023-02-17 13:00:00",,"313,79"
"2023-02-17 14:00:00",,"266,70"
"2023-02-17 15:00:00",,"245,10"
"2023-02-17 16:00:00",,"250,84"
"2023-02-17 17:00:00",,"278,32"
"2023-02-17 18:00:00",,"283,84"
"2023-02-17 19:00:00",,"274,30"
"2023-02-17 20:00:00",,"257,84"
"2023-02-17 21:00:00",,"244,95"
"2023-02-17 22:00:00",,"221,93"
"2023-02-17 23:00:00",,"165,53"
"2023-02-18 00:00:00",,"204,47"
"2023-02-18 01:00:00",,"185,63"
"2023-02-18 02:00:00",,"171,11"
"2023-02-18 03:00:00",,"186,90"
"2023-02-18 04:00:00",,"182,13"
"2023-02-18 05:00:00",,"185,48"
"2023-02-18 06:00:00",,"199,41"
"2023-02-18 07:00:00",,"208,34"
"2023-02-18 08:00:00",,"223,01"
"2023-02-18 09:00:00",,"243,04"
"2023-02-18 10:00:00",,"236,56"
"2023-02-18 11:00:00","258,61","220,70"
"2023-02-18 12:00:00",,"208,27"
"2023-02-18 13:00:00",,"205,59"
"2023-02-18 14:00:00",,"204,62"
"2023-02-18 15:00:00",,"210,87"
"2023-02-18 16:00:00",,"239,39"
"2023-02-18 17:00:00",,"467,69"
"2023-02-18 18:00:00",,"775,80"
"2023-02-18 19:00:00",,"446,61"
"2023-02-18 20:00:00",,"343,49"
"2023-02-18 21:00:00",,"220,92"
"2023-02-18 22:00:00",,"217,72"
"2023-02-18 23:00:00",,"218,77"
"2023-02-19 00:00:00",,"305,53"
"2023-02-19 01:00:00",,"305,61"
"2023-02-19 02:00:00",,"312,01"
"2023-02-19 03:00:00",,"307,92"
"2023-02-19 04:00:00",,"287,88"
"2023-02-19 05:00:00",,"305,38"
"2023-02-19 06:00:00",,"272,32"
"2023-02-19 07:00:00",,"339,49"
"2023-02-19 08:00:00",,"441,36"
"2023-02-19 09:00:00",,"633,18"
"2023-02-19 10:00:00",,"544,34"
"2023-02-19 11:00:00","471,35","446,05"
"2023-02-19 12:00:00",,"332,79"
"2023-02-19 13:00:00",,"303,60"
"2023-02-19 14:00:00",,"307,69"
"2023-02-19 15:00:00",,"446,35"
"2023-02-19 16:00:00",,"724,48"
"2023-02-19 17:00:00",,"783,01"
"2023-02-19 18:00:00",,"794,62"
"2023-02-19 19:00:00",,"751,58"
"2023-02-19 20:00:00",,"717,70"
"2023-02-19 21:00:00",,"704,22"
"2023-02-19 22:00:00",,"519,32"
"2023-02-19 23:00:00",,"425,94"
"2023-02-20 00:00:00",,"399,36"
"2023-02-20 01:00:00",,"335,39"
"2023-02-20 02:00:00",,"318,34"
"2023-02-20 03:00:00",,"247,08"
"2023-02-20 04:00:00",,"216,92"
"2023-02-20 05:00:00",,"254,15"
"2023-02-20 06:00:00",,"284,91"
"2023-02-20 07:00:00",,"355,72"
"2023-02-20 08:00:00",,"403,53"
"2023-02-20 09:00:00",,"362,80"
"2023-02-20 10:00:00",,"312,46"
"2023-02-20 11:00:00","335,29","257,28"
"2023-02-20 12:00:00",,"259,14"
"2023-02-20 13:00:00",,"254,45"
"2023-02-20 14:00:00",,"309,18"
"2023-02-20 15:00:00",,"380,45"
"2023-02-20 16:00:00",,"371,21"
"2023-02-20 17:00:00",,"429,89"
"2023-02-20 18:00:00",,"446,20"
"2023-02-20 19:00:00",,"416,41"
"2023-02-20 20:00:00",,"395,26"
"2023-02-20 21:00:00",,"371,58"
"2023-02-20 22:00:00",,"345,00"
"2023-02-20 23:00:00",,"320,20"
"2023-02-21 00:00:00",,"335,19"
"2023-02-21 01:00:00",,"319,03"
"2023-02-21 02:00:00",,"319,03"
"2023-02-21 03:00:00",,"332,58"
"2023-02-21 04:00:00",,"352,84"
"2023-02-21 05:00:00",,"390,22"
"2023-02-21 06:00:00",,"476,69"
"2023-02-21 07:00:00",,"722,59"
"2023-02-21 08:00:00",,"753,64"
"2023-02-21 09:00:00",,"759,90"
"2023-02-21 10:00:00",,"758,93"
"2023-02-21 11:00:00","794,15","756,10"
"2023-02-21 12:00:00",,"762,50"
"2023-02-21 13:00:00",,"770,99"
"2023-02-21 14:00:00",,"805,99"
"2023-02-21 15:00:00",,"855,74"
"2023-02-21 16:00:00",,"1063,29"
"2023-02-21 17:00:00",,"1227,64"
"2023-02-21 18:00:00",,"1326,54"
"2023-02-21 19:00:00",,"1318,87"
"2023-02-21 20:00:00",,"1266,00"
"2023-02-21 21:00:00",,"1182,59"
"2023-02-21 22:00:00",,"1140,89"
"2023-02-21 23:00:00",,"1061,80"
"2023-02-22 00:00:00",,"1041,71"
"2023-02-22 01:00:00",,"957,05"
"2023-02-22 02:00:00",,"933,00"
"2023-02-22 03:00:00",,"957,05"
"2023-02-22 04:00:00",,"964,49"
"2023-02-22 05:00:00",,"1036,42"
"2023-02-22 06:00:00",,"1172,69"
"2023-02-22 07:00:00",,"1289,14"
"2023-02-22 08:00:00",,"1313,05"
"2023-02-22 09:00:00",,"1225,26"
"2023-02-22 10:00:00",,"1135,75"
"2023-02-22 11:00:00","965,72","1020,04"
"2023-02-22 12:00:00",,"941,56"
"2023-02-22 13:00:00",,"938,80"
"2023-02-22 14:00:00",,"988,69"
"2023-02-22 15:00:00",,"1096,66"
"2023-02-22 16:00:00",,"1140,67"
"2023-02-22 17:00:00",,"1199,19"
"2023-02-22 18:00:00",,"1271,79"
"2023-02-22 19:00:00",,"982,36"
"2023-02-22 20:00:00",,"677,89"
"2023-02-22 21:00:00",,"425,47"
"2023-02-22 22:00:00",,"254,43"
"2023-02-22 23:00:00",,"214,00"
"2023-02-23 00:00:00",,"298,42"
"2023-02-23 01:00:00",,"228,73"
"2023-02-23 02:00:00",,"228,43"
"2023-02-23 03:00:00",,"245,03"
"2023-02-23 04:00:00",,"298,20"
"2023-02-23 05:00:00",,"893,99"
"2023-02-23 06:00:00",,"1146,47"
"2023-02-23 07:00:00",,"1265,75"
"2023-02-23 08:00:00",,"1325,76"
"2023-02-23 09:00:00",,"1220,78"
"2023-02-23 10:00:00",,"1041,64"
"2023-02-23 11:00:00","781,72","891,54"
"2023-02-23 12:00:00",,"857,81"
"2023-02-23 13:00:00",,"947,30"
"2023-02-23 14:00:00",,"819,16"
"2023-02-23 15:00:00",,"821,25"
"2023-02-23 16:00:00",,"818,94"
"2023-02-23 17:00:00",,"898,01"
"2023-02-23 18:00:00",,"918,34"
"2023-02-23 19:00:00",,"832,34"
"2023-02-23 20:00:00",,"775,83"
"2023-02-23 21:00:00",,"771,51"
"2023-02-23 22:00:00",,"670,10"
"2023-02-23 23:00:00",,"545,84"
"2023-02-24 00:00:00",,"446,10"
"2023-02-24 01:00:00",,"357,76"
"2023-02-24 02:00:00",,"334,84"
"2023-02-24 03:00:00",,"334,69"
"2023-02-24 04:00:00",,"371,82"
"2023-02-24 05:00:00",,"424,07"
"2023-02-24 06:00:00",,"644,67"
"2023-02-24 07:00:00",,"751,24"
"2023-02-24 08:00:00",,"766,50"
"2023-02-24 09:00:00",,"746,92"
"2023-02-24 10:00:00",,"734,64"
"2023-02-24 11:00:00","553,65","722,44"
"2023-02-24 12:00:00",,"713,51"
"2023-02-24 13:00:00",,"687,09"
"2023-02-24 14:00:00",,"681,28"
"2023-02-24 15:00:00",,"679,12"
"2023-02-24 16:00:00",,"713,21"
"2023-02-24 17:00:00",,"725,12"
"2023-02-24 18:00:00",,"718,49"
"2023-02-24 19:00:00",,"662,45"
"2023-02-24 20:00:00",,"391,62"
"2023-02-24 21:00:00",,"252,08"
"2023-02-24 22:00:00",,"219,78"
"2023-02-24 23:00:00",,"208,17"
